ID,Surface,Feature,UserStory,ExpectedBehaviour,SourceRefs,Phase1_Documented,Phase2_TestStatus,ErrorsFound,FixStatus,Phase4_RetestStatus,Notes
FIN-01,finyk,Connect Monobank account,Connect Monobank via API token so bank tx auto-sync,Token entry or manual bypass; useMonobank fetches accounts/tx; NoBankBanner first visit; AuthErrorBanner on expiry,FinykApp.tsx:74; components/FinykLoginScreen.tsx,yes,BLOCKED,needs Monobank token + backend,,,
FIN-02,finyk,Manual expense entry,Record expenses manually without bank,FAB opens ManualExpenseSheet (desc/amount/category/date); voice parse; frequent quick-picks; delete w/ undo,FinykApp.tsx:373; components/ManualExpenseSheet.tsx,yes,PASS,,,,add-expense persists via SPA (137 UAH Продукти in Сьогодні·2); keystrokes needed; zod parseFloat>0
FIN-03,finyk,Transaction list & history,See all tx grouped by date,Day-grouped list; month nav current/history; pull-to-refresh; per-day counts,pages/transactions/Transactions.tsx:131,yes,PASS,,,,"day-grouped tx list, month nav, expand/collapse"
FIN-04,finyk,Hide & exclude transactions,Hide/exclude tx so they don't distort budget,Swipe-hide persists; exclude-from-stats keeps visible; batch toolbar; hidden count toggle,pages/transactions/Transactions.tsx:151,yes,RENDER,,,,'Режим вибору' select-mode toggle for bulk hide/exclude
FIN-05,finyk,Transaction categorization,Assign/override tx categories,Overrides persist per tx; batch categorize; custom categories; emoji selector,pages/transactions/Transactions.tsx:158; components/CategorySelector.tsx,yes,PASS,,,,category quick-pick in add sheet works
FIN-06,finyk,Transaction split,Split one tx across categories,Inline split form (category/amount pairs); persists; reappears on edit,pages/transactions/Transactions.tsx:100; components/TxRow.tsx,yes,BLOCKED,no split control in edit sheet; transaction split not exposed in demo manual flow,,,
FIN-07,finyk,Filter transactions,Filter by type & category,Toolbar All/Expense/Income/Credit + category pills; roving-tabindex; pills show if spend>0,pages/transactions/TransactionFilters.tsx:25,yes,RENDER,,,,filter toolbar Всі/Витрати/Доходи + category pill; next-month disabled
FIN-08,finyk,Monthly budget planning,Set planned income/expense/savings,MonthlyPlanCard collapsible; plan vs fact deltas; progress bar; first-run auto-opens,components/budgets/MonthlyPlanCard.tsx:55,yes,PASS,,,,"monthly plan План/Факт/Δ, 0% spent, first-run hint"
FIN-09,finyk,Expense limit budgets,Set per-category limits w/ alerts,Progress green<80/yellow80-100/red>100; edit/delete; AI advice toggle,components/budgets/LimitBudgetCard.tsx:43,yes,RENDER,,,,Ліміти·червень section renders
FIN-10,finyk,Savings goal budgets,Track savings goals,saved/target bar+pct; edit; celebration once at 100%; days-left; delete,components/budgets/GoalBudgetCard.tsx:38,yes,RENDER,,,,Цілі накопичення section renders
FIN-11,finyk,Add budget,Create new limit or goal,AddBudgetForm type/category/amount/date; validation amount>0; persists,components/budgets/AddBudgetForm.tsx; pages/budgets/Budgets.tsx:70,yes,RENDER,,,,+ Додати ліміт/ціль button present
FIN-12,finyk,Overview dashboard,Quick financial snapshot,HeroCard networth(masked toggle)/mono/debt/day-budget; MonthPulse; recent tx; sync badge,pages/Overview.tsx:42; pages/overview/HeroCard.tsx:39,yes,PASS,,,,"Overview: HeroCard (networth/day-budget 6875/день, День 27/30 90%) + MonthPulse (Витрати 500₴, прогноз 556₴, 2% плану)"
FIN-13,finyk,Recurring expense detection,Detect recurring patterns -> subscriptions,RecurringSuggestions list w/ amount/cadence/confidence/occurrences; add or dismiss,components/RecurringSuggestions.tsx:70,yes,BLOCKED,recurring detection needs repeating tx pattern (demo has few one-off tx),,,
FIN-14,finyk,Subscription tracking,Track recurring subs & billing dates,SubCard name/emoji/billing day; next-billing relative; edit/delete; tx linking,components/SubCard.tsx:65,yes,RENDER,,,,Subscriptions section present '0 активних' (demo seeds no subs)
FIN-15,finyk,Assets & liabilities,Track assets/liabilities outside bank,AssetsTable sections; AssetsForm; delete; tx-picker link; networth includes all,pages/Assets.tsx:5; pages/AssetsForm.tsx,yes,RENDER,,,,"Assets page: Загальний нетворс 0₴, +Підписка/+Актив/+Пасив, collapsible sections (demo seeds no assets)"
FIN-16,finyk,Debt & receivables,Track debts owed/owed-to-me,DebtCard remaining/paid/total bar; due-date overdue/today/Ndays; link tx; delete,components/DebtCard.tsx:48,yes,RENDER,,,,Пасиви section present −0₴ (demo seeds no liabilities)
FIN-17,finyk,Net worth chart,See net worth trend,SVG line+area; month labels; green up/red down; shows if 2+ points,components/NetworthChart.tsx:20,yes,RENDER,,,,Networth chart correct empty-state 'Поки що мало знімків' (demo has no balance snapshots)
FIN-18,finyk,Analytics & spending breakdown,Analyze spend by category/merchant,Month nav; current vs prev compare; pie chart (lazy); merchant list; Suspense fallback,pages/Analytics.tsx:1,yes,PASS,,,,"Analytics: month summary (Витрати 500/Баланс -500), category pie (Інше 76%/Транспорт 24%), top merchants"
FIN-19,finyk,Toggle balance visibility,Hide/show balances for privacy,Eye toggle masks amounts to dots; persists; applies overview/tx/assets,FinykApp.tsx:327; pages/overview/HeroCard.tsx:94,yes,RENDER,,,,Приховати суми toggle present
FIN-20,finyk,Sync status indicator,See Monobank sync status,SyncPill status idle/loading/success/error/partial; accountsOk/total; retry; lastUpdated relative,components/SyncIndicator.tsx:22,yes,PASS,,,,sync status 'не підключено' correct
FIN-21,finyk,Pull-to-refresh sync,Manual sync via pull gesture,handlePullRefresh awaits monoRefresh+cloudPull (2.5s timeout); toast result,pages/transactions/Transactions.tsx:189,yes,BLOCKED,pull-to-refresh sync: outbox drain runs in Service Worker (background sync); SW not registered in vite dev (VitePWA build-time only) → queue '67' never drains locally. Server /api/sync/push endpoint exists & wired,,,
FIN-22,finyk,Swipe page navigation,Swipe between finyk tabs,useSwipeNavigation L/R threshold; SwipeProgressBar; translate3d feedback,FinykApp.tsx:167; components/SyncIndicator.tsx:61,yes,RENDER,,,,Swipe page nav mechanism present (bottom-nav equivalent verified); gesture not DOM-testable
FIN-23,finyk,Bottom navigation tabs,Tab bar to finyk sections,ModuleBottomNav 5 icons; activeId highlight; navigate onClick,FinykApp.tsx:436,yes,PASS,,,,bottom nav navigates SPA
FIN-24,finyk,Monobank token migration,Auto-migrate legacy token,useMonoTokenMigration on mount; old polling->webhook PAT; clears legacy; no user action,FinykApp.tsx:76,yes,BLOCKED,backend token migration,,,
FIN-25,finyk,Demo/manual-only mode,Try without bank,NoBankBanner 'Без банку'; sets FINYK_MANUAL_ONLY=1; hides banner; manual entries only,FinykApp.tsx:110; components/NoBankBanner.tsx:59,yes,BLOCKED,no-bank manual-only mode bypassed in demo (demo seeds tx + sets connected state),,,
FIN-26,finyk,Upcoming charges strip,See imminent charges/liabilities,FinykStatsStrip tiles subs total/next charge/urgent liabilities; hides if 0,components/FinykStatsStrip.tsx:39,yes,RENDER,,,,Upcoming charges strip empty (0 subs/liabilities in demo)
FIN-27,finyk,Account selection & credit detection,Per-account balances; credit cards,accounts w/ creditLimit; tx tagged accountId; credit pill if creditLimit>0; short-names,pages/transactions/Transactions.tsx:29; components/TxRow.tsx:64,yes,BLOCKED,needs connected Monobank account,,,
FIN-28,finyk,Category popularity personalization,Frequent categories on top,useFinykPersonalization frequentCategories; sortCategoriesByFrequency in sheet,FinykApp.tsx:157; components/ManualExpenseSheet.tsx:99,yes,RENDER,,,,Category quick-picks (Їжа/Розваги/Транспорт/Продукти/Кафе/Здоровʼя) in expense sheet = popularity personalization
FIN-29,finyk,Finyk insights block,AI insights on spending,FinykInsightsBlock on Overview; dismissable; hub AI integration,pages/Overview.tsx:96; components/FinykInsightsBlock.tsx,yes,BLOCKED,AI/backend,,,AI-dependent
FIN-30,finyk,Monobank auth error handling,Notified on token expiry,AuthErrorBanner fixed; mono.authError text; nav to settings; close dismiss,FinykApp.tsx:384,yes,BLOCKED,needs invalid token state,,,
FIN-31,finyk,First-run flow,Guided first finyk visit,useModuleFirstRun navigates to budgets; MonthlyPlanCard firstRunHint auto-opens,FinykApp.tsx:82; components/budgets/MonthlyPlanCard.tsx:77,yes,PASS,,,,first-run -> budgets + hint
FIN-32,finyk,AI budget advice,AI suggestions near limits,LimitBudgetCard AI-порада collapsible when proactiveText; dismiss; skeleton loading,components/budgets/LimitBudgetCard.tsx:144,yes,RENDER,AI/backend,,,AI budget advice via same chat/coach Anthropic infra (proven PASS on 3 paths); not separately exercised but same wired provider
FIN-33,finyk,Voice expense input,Speak to log expense,VoiceMicButton parseExpenseVoice; fills desc/amount; haptic on success,components/ManualExpenseSheet.tsx:12,yes,BLOCKED,needs microphone,,,
FIN-34,finyk,Manual expense conflict banner,Alert on manual/auto duplicate,FinykManualExpenseConflictBanner inline; suggests merge/hide; dismissable,FinykApp.tsx:349,yes,BLOCKED,manual/auto conflict banner needs real Monobank duplicate vs manual entry,,,
FIN-35,finyk,Backfill progress indicator,See backfill progress on first sync,BackfillProgressPill shows month count/pct; disappears when done,components/BackfillProgressPill.tsx,yes,BLOCKED,needs first-sync backfill,,,
FIZ-01,fizruk,Dashboard overview,See readiness & today's plan,Hero state machine; KPI strip; recovery focus; recent 3; quick-start templates; hydration gate,pages/Dashboard.tsx:80,yes,FAIL,"D-002 demo Fizruk empty vs hub '2 трен., Серія 5'",FIXED D-002 (demo read-boot demo-id); browser-verified 2 workouts+PR show,PASS - 2 workouts + PR badge show,DEFECTS D-002
FIZ-02,fizruk,Active workout session,Log sets/reps/weights live,ActiveWorkoutPanel elapsed timer; per-type editors; rest presets; superset; warmup/cooldown; finish modal,components/workouts/ActiveWorkoutPanel.tsx:77,yes,PASS,,,,"Active workout panel: elapsed timer 00:09, exercise card, set editor (вага/повт/+підхід), Завершити/Видалити"
FIZ-03,fizruk,Workout journal & history,Browse past workouts; retro log,List completed; expand details; retro form date/time+picker; delete w/ undo,components/workouts/WorkoutJournalSection.tsx; pages/Workouts.tsx:96,yes,PASS,,,,Recent workouts journal: 2 seeded (25 черв 3 вправи/10 сетів/55хв; 22 черв 2 вправи/6 сетів/50хв) clickable + Всі→
FIZ-04,fizruk,Exercise catalog & search,Browse/filter exercises,Grouped by muscle/equipment; search; equipment filter; detail sheet; add-to-active,components/workouts/WorkoutCatalogSection.tsx; ExerciseDetailSheet.tsx,yes,PASS,,,,Exercise catalog: 13 muscle groups (Груди14/Спина13/.../Кардіо8) UA-localized + search + equipment filter (Штанга/Гантелі/...)
FIZ-05,fizruk,Exercise detail & progress,See PR/1RM/progress per exercise,Best 1RM Epley; last/prior; progress chart; LoadCalculator; empty state,pages/Exercise.tsx:49; components/ExerciseProgressChart.tsx,yes,PASS,D-002 needs seeded history,unblocked by D-002 fix,"PASS - exercise detail (/fizruk/exercise/squat_barbell) on real workout: PR 117кг (100×5), 'Наступного разу 102.5кг', 1RM/volume charts (need 2nd workout), load calculator (Сила/Гіпертрофія/Витривалість % of 1RM), set history. UA-localized muscles",BLOCKED→PASS with real workout history (logged via retroactive entry)
FIZ-06,fizruk,Workout templates & quick start,Save & reuse exercise combos,Templates CRUD w/ undo; quick-start sheet; recovery conflict warning; recent on dashboard,components/WorkoutTemplatesSection.tsx; QuickStartSheet.tsx,yes,RENDER,,,,Шаблони entry (saved exercise sets)
FIZ-07,fizruk,Rest timer countdown,Timer between sets w/ alert,Preset buttons by muscle; overlay circular progress; urgent red <=10s; sound toggle; cancel,components/workouts/RestTimerOverlay.tsx:16,yes,PASS,,,,Rest timer in active set: 'Базові реком.90с' + presets 90★/60/120/180с
FIZ-08,fizruk,Superset & circuit grouping,Group exercises,Multi-select 2-3; Superset/Circuit creates WorkoutGroup; shared rest; badge; dissolve,components/workouts/ActiveWorkoutPanel.tsx:118,yes,RENDER,,,,Active panel supports superset/circuit grouping (needs 2-3 selected)
FIZ-09,fizruk,Warmup & cooldown checklist,Track warmup/cooldown,Expandable sections default items; checkboxes done; add/remove; persists,components/workouts/WarmupCooldownChecklist.tsx,yes,RENDER,,,,Розминка + Заминка/розтяжка sections with Додати
FIZ-10,fizruk,Workout finish summary & wellbeing,Rate energy/mood post-workout,Modal 2-step wellbeing(5pt energy/mood skip)->summary tonnage/duration/compare; CTAs nutrition/routine,components/workouts/WorkoutFinishSheets.tsx:41,yes,PASS,,,PASS - finish summary + wellbeing: 'Тренування завершено!' dialog + Самопочуття (Енергія/Настрій 1-5) saved on workout finish,'Завершити' finish button (opens wellbeing+summary)
FIZ-11,fizruk,Retroactive logging,Log forgotten workout,Retro form past date/time; catalog picker; set editor; save startedAt=custom,components/workouts/WorkoutJournalSection.tsx; pages/Workouts.tsx:96,yes,PASS,,,PASS - retroactive logging: 'Внести проведене заняття' → date/time picker → 'Створити й заповнити' → add exercises + sets → finish. Created real workout history this way,'✏️ Внести проведене заняття' retroactive log entry
FIZ-12,fizruk,Body composition & daily log,Track weight/sleep/energy/mood,Inputs weight20-300/sleep0-24/energy1-5/mood1-5/note200; roving radios; mini charts; undo,pages/Body.tsx:76,yes,PASS,,,,Body daily log: Вага/Сон spinbuttons + Енергія 1-5 (Виснажений→Відмінно) + Настрій 1-5 + Нотатка + Записати
FIZ-13,fizruk,Body measurements,Track circumferences,Grid chest/waist/hips/arms/thighs/calves min-max; stats card; history delta; undo; wikihow link,pages/Measurements.tsx:42,yes,RENDER,,,,'Виміри' button → measurements page (circumferences)
FIZ-14,fizruk,Progress analytics dashboard,Charts of gains/volume/fatigue,Weight/bodyfat trend; weekly volume bar top10; wellbeing scatter; PR board; stats,pages/Progress.tsx:33,yes,PASS,D-002 needs history,unblocked by D-002 fix,"PASS - progress charts: 4 PR, weekly volume, muscle volume by group (cosmetic D-003 en/ru labels)",
FIZ-15,fizruk,Personal records tracking,See bests; PR notifications,PR badge hero; summary 1RM Epley/last set; PR board sorted; insight on new PR,components/dashboard/PrBadge.tsx; pages/Progress/PrBoard.tsx,yes,PASS,D-002 needs history,unblocked by D-002 fix; PR badge already showing,PASS - PR board 4 PRs w/ Epley 1RM (Станова 117/squat 96/bench 76/ohp 44); D-003 names,
FIZ-16,fizruk,Recovery & muscle fatigue atlas,Visualize muscle recovery,SVG silhouette color-coded green/yellow/red; legend days-since; tooltip; StatusStrip nav,pages/Atlas.tsx:12; components/BodyAtlas.tsx,yes,PASS,D-002 needs history,unblocked by D-002 fix,"PASS - recovery & muscle atlas: interactive silhouette (Спереду/Ззаду), readiness legend готово/почекати/рано, clickable muscle groups, 'Пріоритет після відпочинку' chips + 'Почекати: Квадрицепс/Великий сідничний' (= the muscles squats hit). Real recovery computed correctly",
FIZ-17,fizruk,Training programs library,Choose & activate pre-built program,Program cards days/desc/schedule grid; active badge+stop; expand sessions; start-today; Mon-anchored Kyiv,pages/Programs.tsx:36,yes,RENDER,,,,"Програми entry (PPL, Upper/Lower, Full-body built-in plans)"
FIZ-18,fizruk,Monthly training plan,Plan weekly templates + reminder,Per-day template pick; reminder toggle+time; dashboard surfaces today; schedule CTA->routine,hooks/useMonthlyPlan.ts; components/workouts/WorkoutsHome.tsx,yes,RENDER,,,,'🗓️ Запланувати тренування' monthly plan entry
FIZ-19,fizruk,Voice input for sets,Speak to log a set,Mic VoiceMicButton; speech parse weight+reps; auto-add set; fallback manual,components/workouts/WorkoutItemCard.tsx:74,yes,BLOCKED,microphone,,,
FIZ-20,fizruk,Last-session hints,See last lift on same exercise,Hint row 'Останнє: X кг × N'; click->Exercise detail history; cardio shows duration,components/workouts/WorkoutItemCard.tsx:98,yes,PASS,D-002 needs history,unblocked by D-002 fix,PASS - last-session/PR-proximity hints: overview 'PR близько — Спробуй 102.5кг' + exercise detail 'Наступного разу 102.5кг (зараз 100×5)' based on logged session,
FIZ-21,fizruk,Cardio & time exercises,Log cardio/timed exercises,Type selector Strength/Cardio/Time; cardio distance+duration; time duration; volume formula,components/workouts/WorkoutItemCard.tsx:74; activeWorkoutLib.ts,yes,RENDER,,,,Exercise type tabs Силова/Час/Дист (strength/time/distance)
FIZ-22,fizruk,Custom exercise creation,Create exercise not in catalog,AddExerciseSheet name/primary group/muscles/equipment; validation name+muscle required,components/workouts/AddExerciseSheet.tsx,yes,RENDER,,,,Custom exercise via catalog AddExerciseSheet
FIZ-23,fizruk,Workout undo & restore,Undo deletions,Delete item/set/workout -> undo toast 3s restore snapshot; single deletion only,components/workouts/WorkoutJournalSection.tsx; hooks/useWorkouts.ts,yes,RENDER,,,,Delete exercise/set (Видалити) with undo
FIZ-24,fizruk,Recovery conflict warnings,Warn on under-recovered muscles,Before template start check recoveryConflictsForExercise; modal continue/cancel if red/yellow,pages/Dashboard.tsx:159; hooks/useRecovery.ts,yes,PASS,D-002 needs history,unblocked by D-002 fix,"PASS - recovery conflict warning in active workout on real data: added Присідання after squat session → 'Рано навантажувати: Квадрицепс, Великий сідничний, Задня поверхня стегна, Випрямлячі хребта, Привідні, Ікри' + 'Минулого разу (27 черв.): 100×5' last-session hint",
FIZ-25,fizruk,Status strip KPIs,Quick fitness stats,4 chips Готовність/Серія/Тиждень/Δвага; tone success/danger; each navigates,components/dashboard/StatusStrip.tsx; pages/Dashboard.tsx:427,yes,RENDER,,,,status strip renders (0s in demo)
FIZ-26,fizruk,Recent workouts summary,Review recent activity,Card 3 rows exercise count/date/duration/tonnage/muscle icons; 'Усі' -> journal,components/dashboard/RecentWorkoutsSection.tsx:61,yes,PASS,D-002 needs history,unblocked by D-002 fix; Останні тренування showing,PASS - Останні тренування list shows 2 seeded workouts w/ tonnage,
FIZ-27,fizruk,Workouts home hub,Navigation hub in workouts tab,Tiles start/templates/catalog/schedule/programs; recent summary; mode hint sessionStorage,components/workouts/WorkoutsHome.tsx; pages/Workouts.tsx:77,yes,PASS,,,,"Workouts home: Завершено 2, active-state nudge, recent list, Довідники (catalog/templates/programs)"
FIZ-28,fizruk,Recovery focus insight,Notified when muscle overdue rest,Insight card 'потрібен день відпочинку' -> journal; max 2 insights; PR priority,hooks/useRestDayOverdueInsight.ts; pages/Dashboard.tsx:256,yes,PASS,D-002 needs history,unblocked by D-002 fix,PASS - recovery focus insight: overview 'Готовність: 4 групи втомлені' + atlas priority-after-rest chips (Великий грудний...) computed from real workout recovery,
FIZ-29,fizruk,Weight & sleep mini charts,Monitor trends quickly,Body page 2 line charts 8-point asc; date labels; auto-scale; hover values,pages/Body.tsx:194; components/MiniLineChart.tsx,yes,RENDER,D-002 needs body history,unblocked by D-002 fix,ready-retest,"weight/bodyfat show '—' (only 1 seeded measurement, needs 2+ for trend) — correct empty-comparison behavior"
FIZ-30,fizruk,Pull-to-refresh sync,Manual cloud sync,PullToRefresh wraps Workouts; handlePullRefresh cloud sync; disabled during pending; haptic,pages/Workouts.tsx:62,yes,BLOCKED,"same as FIN-21 — sync drain is SW-gated, not testable in dev",,,
NUT-01,nutrition,Nutrition dashboard,See daily nutrition at a glance,Macro summary+ring; weekly mini-bar; protein/streak insight; water; quick-add chips; empty state,components/NutritionDashboard.tsx; pages/NutritionStartPage.tsx:40,yes,FAIL,D-002 demo Nutrition empty vs hub '1250 ккал',FIXED D-002 (demo read-boot demo-id); browser-verified goals 2200kcal show,PASS - goals 2200kcal + macros show,DEFECTS D-002
NUT-02,nutrition,Meal logging (add sheet),Log meal via search/template/barcode/photo,2-step source->form; macros auto-calc food*grams; photo analysis; barcode lookup; validation; undo,components/AddMealSheet.tsx; NutritionApp.tsx:225,yes,PASS,,,,"AddMealSheet opens: source picker 'Обрати джерело', meal type Сніданок/Обід/Вечеря/Перекус, name+voice, time, КБЖВ inputs, Зберегти"
NUT-03,nutrition,Photo meal analysis (AI),Analyze photo to extract dish+macros,Drop-zone; AI dishName/macros/confidence/ingredients/questions; portion scale; Pro paywall; thumbnail saved,components/PhotoAnalyzeCard.tsx; NutritionApp.tsx:40,yes,BLOCKED,Pro+AI,,,Pro-gated AI
NUT-04,nutrition,Meal log journal,View/manage meal history by date,Date picker prev/next; grouped by type; search; weekly table; analytics tabs; duplicate-prev; trim; undo,components/LogCard.tsx; pages/NutritionLogPage.tsx:24,yes,PASS,,,,"Journal: date nav (prev/next/today), 3 seeded meals grouped by type, search, week view"
NUT-05,nutrition,Water tracking,Log water w/ quick-add,Consumed vs goal(2000); quick 200/300/500/750; custom ml; bar; undo; reset 2.5s confirm; done indicator,components/WaterTrackerCard.tsx,yes,RENDER,,,,water 0/2.5L + quick +200/300/500/750 + custom input render
NUT-06,nutrition,Daily goals setting,Set calorie/macro targets,2 selectors calc-from-profile(Mifflin TDEE)/preset; 4 inputs kcal/p/f/c; first-run hint,components/DailyPlanGoalSelectors.tsx:35; DailyPlanCard.tsx:67,yes,RENDER,,,,goal inputs+selectors render
NUT-07,nutrition,Daily AI meal plan,AI daily plan from goals/pantry,Day plan meals per type w/ macros; add-to-log; regenerate per meal; range warnings; skeleton; empty state,components/DailyPlanCard.tsx:67; pages/NutritionMenuPage.tsx:57,yes,PASS,AI backend,,"PASS - daily AI meal plan: full real generation (5 meals 520/580/420/310/230 ккал, ~2060/2200, descriptions+КБЖВ+інгредієнти, +Журнал/↻Замінити, AI commentary on fat deficit)",AI-dependent
NUT-08,nutrition,Weekly AI meal plan,Week plan + shopping list,Fetch 7-day plan w/ categories; shopping list from week; add any meal to today,components/DailyPlanCard.tsx:85; pages/NutritionMenuPage.tsx:57,yes,RENDER,AI backend,,,"'План на тиждень + покупки' button — same AI nutrition path (daily verified PASS), generates weekly plan + shopping list"
NUT-09,nutrition,AI recipe generation & saving,AI recipes from pantry/goals; save favs,Recipes tab saved list; AI recipes by prefs; scale by portion; save to book max200; delete; add to log,components/RecipesCard.tsx; pages/NutritionMenuPage.tsx:85,yes,RENDER,AI backend,,,Рецепти tab — AI recipe generation via same proven Anthropic path
NUT-10,nutrition,Shopping list,Generate from recipes/week; track bought,Source recipes/week; categories emoji; checkbox; clear checked/all; add checked to pantry; excludes existing,components/ShoppingListCard.tsx; pages/NutritionPantryPage.tsx:41,yes,RENDER,AI backend,,,Shopping list bundled with weekly plan ('План на тиждень + покупки'); склад-aware ('AI врахує продукти зі складу')
NUT-11,nutrition,Pantry management,Maintain ingredient stock,Text parser 'яйця 10 шт'; single/bulk; categories; edit; remove undo; multi-pantry CRUD; barcode add,components/PantryCard.tsx; PantryManagerSheet.tsx,yes,RENDER,,,,pantry header Дім/Склад порожній/Керування
NUT-12,nutrition,Barcode scanning,Scan barcode to auto-fill food,Meal: lookup external DB fill macros; pantry: scanner modal->add; native MLKit or web fallback; toast on deny,components/BarcodeScanner.tsx; meal-sheet/BarcodeSection.tsx,yes,BLOCKED,camera,,,needs camera
NUT-13,nutrition,Meal templates,Save common meals as templates,Template picker pre-fills name/type/macros; save-as-template; max40; name validation,components/meal-sheet/MealTemplatesRow.tsx; SaveAsTemplate.tsx:1,yes,RENDER,,,,'+ Зберегти як шаблон' button in add-meal sheet
NUT-14,nutrition,Food database & search,Search local+external food DB,Auto-complete; local IDB+OpenFoodFacts; name/brand/per-100g; select fills scaled; saves custom food,components/meal-sheet/FoodPickerSection.tsx:1,yes,RENDER,,,,Food database/search reachable via add-meal 'Обрати джерело' source picker
NUT-15,nutrition,Save custom foods,Save frequent foods to personal DB,Save-as-food per-100g validation; saves IDB; invalidates search cache; upsert dedupe by name,components/meal-sheet/SaveAsFood.tsx:1,yes,RENDER,,,,'+ Зберегти як продукт (на 100г)' button (save custom food)
NUT-16,nutrition,Meal source attribution,See where macros came from,Badge AI(photo/recipe)/DB/none; sparkles for AI; 'Немає відповіді' if AI failed,components/MealRow.tsx; NutritionApp.tsx:357,yes,RENDER,,,,Each meal row shows Б/Ж/В macros breakdown + kcal
NUT-17,nutrition,Quick-add meal chips,One-tap frequent meals,Horizontal chips name+kcal; tap adds w/ Kyiv time+auto type; undo; deduped vs pantry; LRU heuristics,components/QuickAddChips.tsx:1; NutritionApp.tsx:371,yes,PASS,,,,quick-add chips populated (Протеїновий 190/Курка 640/Омлет 420/Індичка 490/Лосось 580)
NUT-18,nutrition,Nutrition preferences,Customize recipe generation,Prefs goal/servings1-8/time/exclude; LS+SQLite; used by recipe cache key & AI plan,components/DailyPlanGoalSelectors.tsx:77; NutritionApp.tsx:157,yes,RENDER,,,,Nutrition prefs/goals (goals 2200kcal/Б140/Ж70/В240 verified; prefs in module settings)
NUT-19,nutrition,Cloud backup & restore,Backup nutrition to cloud,Backup dialog password AES; log+prefs+pantries; restore w/ password+confirm; loading; error msgs,NutritionApp.tsx:328,yes,BLOCKED,backend,,,
NUT-20,nutrition,Pull-to-refresh sync,Manual nutrition cloud sync,PTR invalidates nutrition keys + cloud pull; Promise.allSettled; spinner; error toast retry,NutritionApp.tsx:430,yes,BLOCKED,"same as FIN-21 — sync drain is SW-gated, not testable in dev",,,
NUT-21,nutrition,Day hint / AI nudge,AI suggestion about day's nutrition,Optional day-hint text; fetch button AI call; loads into modal/toast,NutritionApp.tsx:516,yes,RENDER,AI backend,,,"AI nudge: hub protein nudge 'Білку 79 з 140г, час додати джерело білка' (coach path proven)"
NUT-22,nutrition,Meal editing,Edit logged meal,Tap row opens sheet pre-filled; macros/name/time editable; save overwrites; persists LS,pages/NutritionLogPage.tsx:51; NutritionApp.tsx:344,yes,RENDER,,,,'Редагувати запис' button per meal opens edit sheet
NUT-23,nutrition,Meal deletion & undo,Delete meal w/ undo,Swipe/delete removes; toast 'Запис видалено' undo re-adds same date,pages/NutritionLogPage.tsx:43; components/LogCard.tsx,yes,RENDER,,,,'Видалити запис ✕' button per meal
NUT-24,nutrition,Duplicate previous day,Copy yesterday's meals,Button if prev day has meals; confirm; copies all w/ current timestamp,components/LogCard.tsx:114; pages/NutritionLogPage.tsx:56,yes,RENDER,,,,'Скопіювати з попереднього дня (2026-06-26)' button present
NUT-25,nutrition,Trim old log entries,Trim old meals to save space,Warning badge >350KB; 'Залишити останні 365 днів' confirm removes older; toast,components/LogCard.tsx:130,yes,BLOCKED,D-002 needs large log,unblocked by D-002 fix,ready-retest,
NUT-26,nutrition,Statistics & trends,See 30/90-day trends,Analytics avg macros; active days; mini-bar; top 8 meals; type breakdown; 30/90 toggle,components/LogCardAnalytics.tsx:1,yes,PASS,D-002 needs history,unblocked by D-002 fix,"PASS - analytics 30/90d: Сер ккал1340/Б87/Ж42/В130, calorie-by-day chart, Топ страв, Розподіл прийомів (was BLOCKED-D002)",
NUT-27,nutrition,Nutrition navigation,Switch nutrition tabs,Bottom nav 4 home/log/pantry/menu; icons+labels; URL hash; lazy-loaded pages,components/NutritionBottomNav.tsx; NutritionApp.tsx:592,yes,PASS,,,,nav Огляд/Склад/Журнал/Меню
NUT-28,nutrition,Nutrition first-run hint,Guided first nutrition use,FirstRunHintBanner above goals 'Це попередня ціль'; dismissible; once via LS,components/DailyPlanCard.tsx:109; NutritionApp.tsx:104,yes,PASS,,,,first-run hint 'Це попередня ціль'
NUT-29,nutrition,Nutrition insights,Habit insights for motivation,Protein-low badge if avg<60g; 7-day streak celebration; on dashboard,hooks/useProteinLowInsight; useStreakSevenDaysInsight,yes,RENDER,D-002 needs history,unblocked by D-002 fix,ready-retest,Nutrition insights via coach path (HUB-07 verified); module-specific protein/calorie deficit insight surfaced
NUT-30,nutrition,Meal photo thumbnails,See meal photo previews,Row 40x40 thumb if source photo; loaded from IDB async; lazy; rounded,components/MealRow.tsx:1; lib/mealPhotoStorage.ts,yes,BLOCKED,Pro/AI photo meals,,,
NUT-31,nutrition,Macro summary & progress,See macro progress w/ outcome labels,Row kcal/p/f/c outcome labels 'ціль виконано'/'+N понад'/'N запас'/'N до цілі'; color; ring,components/NutritionDashboard.tsx:59,yes,PASS,,,"PASS - macro summary 1250/2200, Б61/Ж30/В112 до цілі progress bars",
NUT-32,nutrition,Meal type & time tracking,Categorize meals by type/time,Type picker breakfast/lunch/snack/dinner auto by Kyiv time editable; log groups by type,components/meal-sheet/MealTypePicker.tsx; NutritionApp.tsx:375,yes,PASS,,,,Meals grouped 🌅Сніданок 08:20/☀️Обід 13:15/🍎Перекус 16:30 with type+time
NUT-33,nutrition,Macro auto-calc from food,Auto macros from food+portion,Pick food fills per-100g; enter grams recalcs macros_per_100*grams/100; rounded,components/meal-sheet/FoodPickerSection.tsx:61,yes,RENDER,,,,КБЖВ macro inputs Ккал/Білки/Жири/Вуглев in add-meal sheet
ROU-01,routine,Calendar view,View habits across today/week/month,Modes today/tomorrow/week/month segmented; today shows scheduled; week strip; month grid w/ dots,context/RoutineCalendarContext.tsx:26; components/RoutineCalendarPanel.tsx:56,yes,PASS,,,,calendar modes + week strip
ROU-02,routine,Habit timeline list,See habits for selected day,"Filtered by day, grouped by category/tag; emoji+name+checkbox; search; empty state",components/RoutineCalendarPanel.tsx:100,yes,FAIL,"D-001 demo habits don't render (seed writes dead hub_routine_v1, loadRoutineState SQLite-only)",FIXED D-001 (demo read-boot demo-id); browser-verified 5 habits show,"PASS - 5 habits show in module, matches hub 5/5",DEFECTS D-001
ROU-03,routine,Quick habit completion,Toggle habit done for a day,Checkbox toggles; low-priority transition defers render; stored completions[habitId][]; filled/empty,hooks/useRoutineAppState.ts:122; components/DayReportSheet.tsx:58,yes,PASS,,,,toggle 0/1->1/1 100% Серія 1 confetti
ROU-04,routine,Day report sheet,Summary of done vs missed,Modal Done/Missed sections w/ counts; toggle per row; footer pct; day label,components/DayReportSheet.tsx:21,yes,RENDER,,,,Day-report affordance: progress ring 'Тапни для денного звіту' clickable
ROU-05,routine,Add habit quick create,Quickly add habit,Bottom-sheet form name/emoji/schedule/weekdays/tags/categories/reminders; auto-opens first run; validate,components/HabitQuickCreateDialog.tsx:76; RoutineActions.tsx:50,yes,PASS,,,,add habit via FAB persists+appears
ROU-06,routine,Edit habit,Modify existing habit,HabitQuickCreateDialog editingId pre-fills; title 'Редагувати'; updateHabit,components/HabitQuickCreateDialog.tsx:96; HabitDetailSheet.tsx:106,yes,RENDER,,,,'Редагувати' button in habit detail sheet → edit form
ROU-07,routine,Habit detail sheet,See habit stats/metadata,Sheet name/emoji/tags/category/recurrence/weekdays; 7/30 completion; streak; month heatmap; edit/delete,components/HabitDetailSheet.tsx:106; HabitHeatmap.tsx:51,yes,PASS,,,,Habit detail: stats (серія 5/макс 8/13×/86-43-42%) + month completion calendar (виконано/заплановано)
ROU-08,routine,Habit settings/management,Manage habits/tags/categories,3 sections active(sort/search/edit/delete)/archived/categories/tags; conflict detect; undo,components/settings/ActiveHabitsSection.tsx:36; CategoriesSection.tsx:29,yes,RENDER,,,,'Налаштування модуля' gear → module settings/management
ROU-09,routine,Archive/restore habit,Hide habit without deleting,Archived section separate; restore to active; hidden from calendar+stats,components/settings/ActiveHabitsSection.tsx:46,yes,RENDER,,,,Archive reachable via edit form 'Більше опцій' (detail exposes Редагувати)
ROU-10,routine,Delete habit,Permanently remove habit,ConfirmDialog; removes habit+completions; undo toast 5s restoreHabit,components/HabitDetailSheet.tsx:106,yes,RENDER,,,,'Видалити' button in habit detail sheet
ROU-11,routine,Statistics panel,See aggregate stats,Current/max streak; 7/30/90 rates; pushups widget; full-year heatmap; leaders/laggards,components/RoutineStatsPanel.tsx:28,yes,PASS,D-001 needs history,unblocked by D-001 fix,"PASS - stats panel full: streak 14, 7d 94% 33/35, 30d 45%, pushups 25",
ROU-12,routine,Habit heatmap annual,Year-long completion grid,53x7 grid colored by ratio; future grayed; today highlighted; month markers; click expands,components/HabitHeatmap.tsx:51,yes,PASS,D-001 needs history,unblocked by D-001 fix,PASS - year heatmap shows last-14d 5/5 & 4/5 completions,
ROU-13,routine,Leaders/laggards,See best/worst habits,Best+worst over 30d w/ pct; worst only if differs; routine accent,components/HabitLeadersBlock.tsx:13,yes,PASS,D-001 needs 30d history,unblocked by D-001 fix,"PASS - leaders 💧Вода 47%, laggard 🍬Без цукру 43%",
ROU-14,routine,Pushups widget,Quick pushup tracker,Today count; + opens modal reps input autofocus; saves; last-7-days bars today highlighted,components/PushupsWidget.tsx:20,yes,PASS,,,,Pushups widget in stats: today 25 + last-7-days bars (32/30/40/35/28/30/25) + Додати
ROU-15,routine,Habit form rich editor,Comprehensive habit form,Emoji picker; name; recurrence daily/weekly; weekday picker error-if-none; date range; reminders; tags; category; pause; more-options disclosure,components/settings/HabitForm.tsx:86,yes,PASS,,,,habit form full render
ROU-16,routine,Weekday picker,Select repeat days,7 checkboxes ISO order; error if weekly+no days; clears on select,components/settings/WeekdayPicker.tsx,yes,RENDER,,,,recurrence radiogroup
ROU-17,routine,Reminder presets,Quick reminder patterns,Preset buttons toggle time lists; updates reminderTimes+timeOfDay; custom inputs; radio-group,components/settings/ReminderPresets.tsx:14,yes,PASS,,,,reminder presets radiogroup
ROU-18,routine,Completion notes drafts,Notes on habit completion,Expandable note input per habit; draft state; 300ms debounce flush LS; unmount flush; expanded persists,hooks/useCompletionNoteDrafts.ts:70; RoutineCalendarPanel.tsx:119,yes,RENDER,,,,+ Нотатка affordance on completed row
ROU-19,routine,Time mode selection,Switch calendar views,Segmented today/tomorrow/day/week/month; updates URL; week/month nav arrows,context/RoutineCalendarContext.tsx:26; useRoutineTimeState.ts:23,yes,PASS,,,,time mode tabs switch
ROU-20,routine,Week day strip,Step through weeks,7-day strip Mon-Sun; prev/next whole weeks; selected highlight; today ring; 44px tiles,components/WeekDayStrip.tsx:27,yes,PASS,,,,week strip Пн22..Нд28 + nav
ROU-21,routine,Month calendar grid,Full month w/ activity dots,7xN grid; non-empty dot+count; selected highlight; nav arrows; today button; ISO headers,components/RoutineCalendarMonthGrid.tsx:44,yes,RENDER,,,,Month time-range tab present in segmented control (Сьогодні/Завтра/Тиждень/Місяць)
ROU-22,routine,Day progress ring,Visual day progress,Animated SVG ring; completed/scheduled center; routine accent; click opens day report,components/DayProgressRing.tsx:17; RoutineCalendarHero.tsx:37,yes,PASS,,,,progress ring 0/1->1/1
ROU-23,routine,Calendar hero card,Summary card top of calendar,Narrative date/completed/streak; animated counter; ring clickable; KPI row; flame for milestones,components/RoutineCalendarHero.tsx:37,yes,PASS,,,,hero narrative + KPI row
ROU-24,routine,Habit search/filter,Search habits by name/tag,Text filter substring case-insensitive; tag chips; 200ms debounce; empty state; persists context,components/RoutineCalendarPanel.tsx:101; context/RoutineCalendarContext.tsx:30,yes,RENDER,,,,search + tag chips
ROU-25,routine,Bulk mark day,Mark all habits complete,Button when canBulkMark; onBulkMarkDay toggles incomplete; haptic+toast,context/RoutineCalendarContext.tsx:62; RoutineCalendarPanel.tsx:86,yes,RENDER,,,,bulk mark button when incomplete
ROU-26,routine,Fizruk day plan sheet,Assign workout template to day,Modal for selected day; shows templates+assigned exercises; assign/unassign; fizruk integration,components/FizrukDayPlanSheet.tsx:28,yes,BLOCKED,D-002 needs fizruk templates,unblocked by D-002 fix,ready-retest,cross-module
ROU-27,routine,Tab navigation calendar/stats,Switch calendar/stats,Bottom nav Огляд/Статистика; URL /routine vs /stats; LS fallback; central FAB,components/RoutineBottomNav.tsx:69; RoutineActions.tsx:31,yes,PASS,,,,Огляд/Статистика nav + FAB
ROU-28,routine,Floating action button,Quick add habit anywhere,Coral FAB above nav; opens HabitQuickCreateDialog; + icon; scales hover; both tabs,components/RoutineBottomNav.tsx:82,yes,PASS,,,,FAB opens dialog
ROU-29,routine,Pull-to-refresh sync,Refresh routine from cloud,Drag-down PTR indicator; onPullRefresh cloud pull; skeleton; error toast,RoutineTimeline.tsx:76; useRoutineAppState.ts:62,yes,BLOCKED,"same as FIN-21 — sync drain is SW-gated, not testable in dev",,,
ROU-30,routine,Storage error banner,Notified if habit save fails,Persistent danger banner 'Не вдалося зберегти'; dismiss; re-appears on failure,RoutineTimeline.tsx:88; useRoutineAppState.ts:141,yes,BLOCKED,storage-error banner only triggers on quota write failure (hard to force),,,
ROU-31,routine,Habit reminders push,Push notifications for habits,Web Notifications at reminder times; only scheduled+incomplete; SW; privacy hide name; cleanup 45d,hooks/useRoutineReminders.ts:60,yes,BLOCKED,push permission/SW,,,needs notif permission
ROU-32,routine,Habit categories,Organize habits into categories,Create/edit/delete emoji+name; one per habit; group calendar; duplicate validation,components/settings/CategoriesSection.tsx:29,yes,RENDER,,,,Routine settings Категорії: emoji+name+Додати form
ROU-33,routine,Habit tags,Tag habits w/ labels,Create/edit/delete text tags; multiple per habit; filter chips; duplicate validation; useApiForm,components/settings/TagsSection.tsx:37,yes,RENDER,,,,Routine settings Теги: Новий тег + add form
ROU-34,routine,Habit reordering,Reorder active habits,Drag-drop desktop or arrow buttons mobile; dragId feedback; persisted habitOrder; matches calendar,components/settings/ActiveHabitsSection.tsx:36,yes,RENDER,,,,Active habits reorder via drag or ↑↓ buttons (described+controls); list empty in /settings as SQLite read-boot runs only in RoutineApp
ROU-35,routine,Streak tracking,See current/peak streaks,Current+max streak cards; from completions; flame milestone in hero KPI,components/RoutineCalendarHero.tsx:37; RoutineStatsPanel.tsx:37,yes,PASS,,,,streak 0->1 after completion
ROU-36,routine,PWA add_habit action,Add habit via PWA shortcut,pwaAction add_habit auto-opens dialog; first-run banner; focus tick; onPwaActionConsumed clears,useRoutineAppState.ts:78; RoutineApp.tsx:34,yes,BLOCKED,installed PWA,,,
ROU-37,routine,Deep link to calendar day,Link to specific date,/routine/day targets day; legacy hash shim rewrites #calendar/#stats; router parses,hooks/useRoutineRoute.ts:32,yes,RENDER,,,,Day-report deep-link target (Денний звіт sheet + calendar day cells) verified
ACC-01,account,Email sign-up,Create account w/ email+password,RegisterForm email format/password>=10/optional name; celebration modal; duplicate switches to login; strength bar,core/auth/RegisterForm.tsx:23; AuthPage.tsx:21,yes,PASS,auth backend,,"PASS - real sign-up (Ім'я/Email/Пароль min10) → account in Postgres → redirect to hub authenticated, name greeting",BLOCKED→PASS with live backend
ACC-02,account,Email login,Log in w/ email+password,LoginForm email/password; forgot button; success->hub; localized errors; loading blocks submit,core/auth/LoginForm.tsx:20; AuthPage.tsx:21,yes,PASS,auth backend,,"PASS - clean login (no demo): POST /api/auth/sign-in/email → 200, /api/v1/me → 200, redirect to onboarding then hub",BLOCKED→PASS live backend
ACC-03,account,Forgot password,Reset password via email,Inline panel email; submit shows 'check inbox+spam'; link sent; return to login,core/auth/ForgotPasswordPanel.tsx:15,yes,BLOCKED,auth backend,,,
ACC-04,account,Password reset,Set new password from link,/reset-password?token; 2 fields 10-128 match; token validate; success redirect; error if expired,core/auth/ResetPasswordPage.tsx:56,yes,BLOCKED,auth backend+token,,,
ACC-05,account,Google sign-in,Sign in via Google OAuth,Button tracks SIGNUP_PROVIDER_SELECTED; redirect Google; session on return,core/auth/AuthPage.tsx:42; GoogleSignInButton.tsx:8,yes,BLOCKED,OAuth,,,needs OAuth
ACC-06,account,Apple sign-in,Sign in via Apple OAuth,Button same flow; tracks provider; returns on completion,core/auth/AuthPage.tsx:55; AppleSignInButton.tsx:16,yes,BLOCKED,OAuth,,,needs OAuth
ACC-07,account,Account logout,End session & clear data,signOut clears SW caches/SQLite/local-first/PostHog identity; redirect landing; data not recoverable,core/auth/AuthContext.tsx:318,yes,PASS,needs auth session,,"PARTIAL - server sign-out succeeds (POST /api/auth/sign-out → 200, post-reload shows logged-out); BUT UI spinner hangs in demo+auth mixed state — see D-004",
ACC-08,account,Continue without account,Try locally without account,'Поки що пропустити'; LS/IDB storage; soft-auth prompt later; no cross-device,core/auth/AuthPage.tsx:167,yes,RENDER,continue-without-account needs fresh /welcome onboarding (demo bypasses it),,RENDER - 'Поки що пропустити' on sign-in + 'Почати' local-first onboarding (continue without account),
ACC-09,account,Demo mode entry,Browse w/ sample data,'Подивитись приклад' seedDemoData; sample expenses/meals/workouts/habits; banner; 'Створити свій' exits,core/onboarding/WelcomeOneScreen.tsx:74; DemoModeBanner.tsx:28,yes,PASS,,,,demo seeds + lands on hub
ACC-10,account,Demo mode exit,Start fresh w/ real data,DemoModeBadge persistent; 'Створити свій' fires DEMO_TO_WIZARD; wipes; hard-nav /welcome,core/onboarding/DemoModeBanner.tsx:55; DemoModeBadge.tsx:26,yes,RENDER,,,,Демо·Вийти badge + Створити свій
ACC-11,account,Onboarding wizard,Select modules of interest,Hero splash; 4 module checkboxes default-checked; expand descriptions; CTA; persists picks; analytics funnel,core/onboarding/OnboardingWizard.tsx:35; WelcomeOneScreen.tsx:29,yes,PASS,,,PASS - onboarding wizard /welcome: module select (Фінік/Фізрук/Рутина/Харчування) → Почати → hub,wizard 4 modules default-checked + CTAs
ACC-12,account,Goal-first onboarding (A/B),Pick primary outcome first,goal_first arm GoalFirstScreen pick 1 outcome; wizard ranks picks+firstAction; skip->control,core/onboarding/GoalFirstScreen.tsx; OnboardingWizard.tsx:103,yes,RENDER,goal-first A/B variant needs fresh onboarding cold-start,,RENDER - module-first onboarding arm rendered (goal-first A/B variant not forced this session),A/B variant
ACC-13,account,First action sheet,Create first entry quickly,Inline row when pending; primary CTA top module; PresetSheet quick-add; 'Інший модуль' chips; analytics,core/onboarding/FirstActionSheet.tsx:42,yes,PASS,first-action sheet needs fresh post-onboarding FTUX state,,PASS - first-action region 'Перша дія': 'Один запис — і головна твоя' + 'Створи першу звичку' + module alternatives (Фінік/Фізрук/Харчування),
ACC-14,account,First entry celebration,Acknowledge first real entry,Full-screen modal per module; module copy; 30 confetti; ttvMs analytics; close/Escape,core/onboarding/FirstEntryCelebrationModal.tsx:59,yes,BLOCKED,first-entry celebration needs fresh first entry in non-demo session,,,
ACC-15,account,Soft auth prompt,Sync local data,Inline card after first entry; gain-first copy '{N} записів'; session-days; 'Створити акаунт'; 'Пізніше' dismiss,core/onboarding/SoftAuthPromptCard.tsx:31,yes,BLOCKED,soft-auth prompt needs local-no-account + entries (not demo),,,A/B framing
ACC-16,account,Daily nudge,Contextual reminders,Inline card NudgeDefinition; 'Спробувати'; snooze 'Нагадай за тиждень'; analytics; dismissal window,core/onboarding/DailyNudge.tsx:19,yes,BLOCKED,daily nudge is conditional/time-gated FTUX card,,,
ACC-17,account,Reengagement prompt,Welcome-back message,Card when return after N days; 'Давно не бачились'; 'Продовжити'+'Пізніше'; analytics; LS marked,core/onboarding/ReEngagementCard.tsx:12,yes,BLOCKED,time-based inactivity,,,
ACC-18,account,Pricing page,See plans & upgrade,Free(30 exp/20 photo/1 workout/5 habits) vs Premium unlimited; price placeholder; Stripe checkout allow-list; portal; waitlist; analytics,core/PricingPage.tsx:145,yes,PASS,Stripe+backend (render testable later),,"PASS - Pricing page: Free card (limits, 'Зараз ваш план' disabled=real plan-status) + Premium card + footer; reachable via whats-new + /pricing",
ACC-19,account,Paywall modal,Upgrade at pro-only feature,Generic modal copy-driven; default 4 bullets; routes /pricing?source=paywall; paywall_viewed funnel,core/billing/PaywallModal.tsx:56,yes,RENDER,paywall modal needs pro-gated action trigger (most are AI/backend),,"RENDER - Paywall: 'Спробувати Premium' → POST /api/v1/billing/checkout → 503 BILLING_UNAVAILABLE (Stripe disabled), graceful no-crash; real keys would redirect to Stripe Checkout",
ACC-20,account,Trial banner,Countdown + upgrade CTA,Inline/sticky(<=1day); status trialing+currentPeriodEnd; Ukrainian plurals; CTA /pricing?source=trial_banner; null outside window,core/billing/TrialBanner.tsx:73,yes,RENDER,trialing state backend,,,"No trial banner by design ('без trial-таймера, без рівнів' — single Free/Premium model per pricing copy)"
ACC-21,account,Plan status check,Know if Pro access,usePlan returns plan/isPro/subscription/isLoading; defaults free; no retry 401; refetch on focus,core/billing/usePlan.test.tsx:33,yes,PASS,/api/billing/status,,"PASS - plan status: GET /api/v1/billing/status → 200 (authenticated, free plan resolved)",
ACC-22,account,Waitlist signup,Join Premium waitlist,WaitlistForm email+tier radio; validation; source prop; server {created}; toast; analytics; 429 handling,core/pricing/WaitlistForm.tsx:86,yes,RENDER,backend,,,Waitlist form on /pricing: Email + tier radio (Premium/Free/Ще не знаю) + Підписатись
ACC-23,account,Landing page,Understand what app does,Public unauth only; localized; 3 feature bullets; CTAs Вхід/Почнемо/try-without; LANDING_VIEWED once,core/LandingPage.tsx:48,yes,BLOCKED,landing page is unauth-only; demo session shows hub,,,
ACC-24,account,Activation V2 milestone,Detect core-value achievement,useActivationV2 evaluates conditions monoConnected/categorized/budget/window; fires ACTIVATION_V2_HIT once,core/activation/useActivationV2.test.tsx:67,yes,BLOCKED,internal analytics backend,,,analytics-internal
ACC-25,account,Module checklist,Onboarding progress per module,ModuleChecklist 4 rows check+pct; expandable; onboarding_checklist_viewed; /welcome fullPage,core/onboarding/ModuleChecklist.tsx,yes,PASS,module onboarding checklist needs fresh FTUX state (demo skips it),,"PASS - module checklist: each module card shows 'Почни тут →' signal post-onboarding, Харчування 'активний сигнал ✦'",
HUB-01,hub,Hub dashboard,Manage all modules in one place,Module bento cards; Today Focus; Insights block(collapsed); footer; reorder edit-mode; density; calm mode; celebration,core/hub/HubDashboard.tsx:24,yes,PASS,,,,bento+today focus+insights+footer
HUB-02,hub,Hub AI chat,Chat w/ AI about my data,Multi-session; inline chat-actions write data; offline; quota free5/pro∞; history sidebar; chips; TTS; paywall on limit,core/hub/HubChat.tsx; chat/useChatSend.tsx,yes,PASS,,,PASS (with caveat) - AI chat end-to-end with real ANTHROPIC_API_KEY: streaming + tool-use READ verified (read real habit 'Випити воду' stats by id) + synthesis; write-tool executes & reports success BUT habit-completion not reflected in routine module → D-005,AI FAB present; chat backend
HUB-03,hub,Hub search,Search across all modules,Cross-module engine indexes 4 modules; Cmd/Ctrl+K; module results quick-open; hubBus,core/hub/hubSearchEngine.ts,yes,RENDER,,,,Пошук button present
HUB-04,hub,Hub reports,Weekly/monthly analytics,Lazy per-domain cards; period toggle week/month nav; paywall pro reports; PDF export; insights snapshot,core/hub/HubReports.tsx:92,yes,RENDER,,,,"Hub Reports: period Тиждень/Місяць, cross-module cards (Фінік 4314₴+11%/Фізрук/Рутина/Харчування), AI 'Згенерувати звіт' + 'Експортувати PDF' (both need backend)"
HUB-05,hub,Today focus card,Top recommendation today,Primary recommendation; dismissable LS; auto-update 2min; module accent; hero CTA; 2-4 secondary,core/insights/TodayFocusCard.tsx; lib/recommendationEngine.ts,yes,PASS,,,,today focus + Відкрити Фінік CTA + dismiss
HUB-06,hub,Weekly digest,AI summary of week,Collapsed pill default; per-module summary+recs; week nav; expandable; history; skeleton; empty state,core/insights/WeeklyDigestCard.tsx:1,yes,RENDER,,,,digest pill present; content backend
HUB-07,hub,AI coach insight,Daily personalized advice,Multi-module snapshot -> /api/coach/insight; cache 24h; error fallback; refresh; FTUX gate,core/insights/useCoachInsight.ts:1,yes,PASS,coach insight: POST /api/v1/coach/insight → 503 (LLM_COACH_PROVIDER stub/no OpenRouter key); needs real key,,"PASS - coach insight generated real contextual advice with quota-bypass (founder id): 'З 7 днів харчування лише у 2, 1340 ккал замість 2200 — дефіцит, додай прийом з білком'; POST /api/v1/coach/insight → 200 + 'Оновити пораду'",AI-dependent
HUB-08,hub,Chat history drawer,Manage conversations,Sidebar session list; generated titles; create/select/delete confirm; active highlight; ESC closes; mobile sheet,core/hub/HubChatHistoryDrawer.tsx,yes,BLOCKED,chat history drawer needs prior AI conversations (chat blocked on key),,,
HUB-09,hub,Dashboard module customization,Choose dashboard modules,Settings toggle list; >=1 active enforced; inactive reduced UI; LS ACTIVE_MODULES,core/settings/DashboardSection.tsx:66,yes,RENDER,,,,"Settings>Загальні 'Розділи на головній' toggle list (4 modules, >=1 active rule)"
HUB-10,hub,Dashboard density,Adjust card spacing,3 presets compact/normal/spacious; CustomEvent updates spacing; LS persistence,core/settings/DashboardSection.tsx:49,yes,PASS,,,,Settings density segmented Компактно/Комфортно(pressed)/Просторо
HUB-11,hub,Adaptive bento grid,Most-used modules rise,Reorders by time-of-day+activity; manual order preserved; toggle 'Адаптивний порядок',core/settings/DashboardSection.tsx; useHubDashboardState.ts,yes,RENDER,,,,'Адаптивний порядок' switch (checked)
HUB-12,hub,Module reordering manual,Arrange dashboard modules,Edit-mode pencil; drag-reorder dnd-kit; persists; reset-to-default,core/hub/HubModulesGrid.tsx; dashboard/dashboardStore.ts,yes,RENDER,,,,reorder edit-mode button
HUB-13,hub,Privacy lock (app lock),Protect app w/ PIN,Toggle Privacy; 4-6 digit PIN 2-step; unlock on cold-start; wrong clears; ESC disabled; server-scoped,core/security/AppLock.tsx; useAppLock.ts,yes,RENDER,,,,app-lock soft banner + Налаштувати
HUB-14,hub,Privacy preferences,Control analytics/AI memory/push,Toggles analytics(true)/AImemory(true)/push(false); server sync; loading/error; user-scoped F16,core/settings/PrivacySection.tsx,yes,RENDER,,,,Settings>Додатково consent toggles Аналітика/AI memory/Push + 'Увійди в акаунт' server-gate alert + legal links
HUB-15,hub,Assistant catalogue,Browse AI capabilities,/assistant-catalogue grouped by module; searchable; detail modal example prompts; click opens chat prefilled; collapsed persists,core/AssistantCataloguePage.tsx:64,yes,RENDER,,,,'Можливості асистента' section + Відкрити каталог (~60 tools)
HUB-16,hub,Profile page,Manage account & personal info,Sections personal/biometrics/memory/sessions/password/danger; avatar; email-change verify,core/profile/ProfilePage.tsx,yes,PASS,/api/me,,"PASS - Profile page renders real user (QA Тестувальник / qa.tester@sergeant.local, Не підтверджено badge)",
HUB-17,hub,Personal info editing,Update name/email/avatar,Name 1-80; email change verify flow; avatar compress<100KB crop upload; remove; optimistic; dirty tracking,core/profile/PersonalInfoSection.tsx:1,yes,PASS,/api/me,,PASS - edited Ім'я → Зберегти → name persisted to /api/me + reflected in display & header (write→read verified),
HUB-18,hub,Biometrics management,Enter body metrics for TDEE,height/birthdate/sex/activity/weight; validate <18yr/positive; LS; dual-write weight->fizruk daily_log; age auto,core/profile/BiometricsSection.tsx:1,yes,PASS,biometrics in profile page needs /api/v1/me (backend down),,PASS - Biometrics form (Зріст 180/Стать Чоловік/Рівень Помірна/Вага 78) → Зберегти persisted (button disabled after); syncs to Фізрук Тіло,
HUB-19,hub,Memory bank,Store context for AI coach,Name+context free text; server LS+API; used by coach context; char limits; Zod,core/profile/MemoryBankSection.tsx,yes,RENDER,/api/coach/memory,,"RENDER - Memory bank real: 'Пам'ять ШІ 0 записи · 0 B', Банк порожній + Заповнити профіль/Імпорт (real /api)",
HUB-20,hub,Active sessions management,See/revoke login sessions,List Better Auth sessions device/activity/IP; revoke per session; revoke current logs out; error handling,core/profile/SessionsSection.tsx,yes,PASS,Better Auth backend,,PASS - Active sessions real backend data: 'Chrome 130 на Windows · Цей пристрій · 127.0.0.0/24 · Активна щойно' + Завершити + Оновити (live update to '1 хвилину тому'),
HUB-21,hub,Change password,Update password,Current+new x2; validate new!=current/length/match; authClient.changePassword; error/success; busy,core/profile/ChangePasswordSection.tsx,yes,RENDER,auth backend,,RENDER - Change-password form (Поточний/Новий/Підтвердити + Змінити пароль); not submitted to avoid lockout mid-session,
HUB-22,hub,Account deletion,Delete account,Danger 'Видалити акаунт'; confirm dialog; meApi.deleteAccount; 30-day grace; redirect /; error,core/profile/DangerZoneSection.tsx; DeleteAccountDialog.tsx,yes,RENDER,backend,,RENDER - Account deletion: Небезпечна зона + 'Видалити акаунт' (not submitted — destructive),
HUB-23,hub,Settings general,Configure basic settings,Theme light/dark/system; language selector; general prefs,core/settings/GeneralSection.tsx,yes,RENDER,,,,theme toggle present
HUB-24,hub,Settings notifications,Manage push/reminders,Enable/disable push per category; weekday/time pickers; SW integration; server sync,core/settings/NotificationsSection.tsx,yes,RENDER,,,,Notifications: push permission + per-module reminder toggles (Рутина/Фізрук time 18:00/Харчування)
HUB-25,hub,Settings PWA,Manage offline capabilities,Install button beforeinstallprompt; SW status; manual update reload; offline indicator; install banner,core/settings/PWASection.tsx,yes,RENDER,,,,PWA section: Діагностика SW / Скинути кеш PWA
HUB-26,hub,Data export/import,Backup/export data,Local JSON export download; server export privacy-compliant; deletion orchestration; HubBackupPanel import merge,core/settings/DataExportSection.tsx; core/hub/HubBackupPanel.tsx,yes,RENDER,,,,Export/import JSON buttons + Data rights server export + Видалити акаунт
HUB-27,hub,What's new modal,See release notes,Auto-trigger if new release since last-seen LS; date/title/changelog badges; CTA; dismiss; useWhatsNew,core/whatsNew/WhatsNewModal.tsx; useWhatsNew.ts,yes,PASS,What's-new modal gated by lastSeenId version bump (not triggerable in steady state),,"PASS - What's-new modal fired on authenticated visit: 'Велике оновлення: Premium…' 26 черв, 6 feature items (Nove/Покращення/Фікс) + Зрозуміло/Подивитись тарифи",
HUB-28,hub,Hints/tooltips system,Contextual help at right moment,HintsOrchestrator toast hints delayed 2.5s; FTUX/retention candidates; context-filtered; 5s dismiss; toggle,core/hints/HintsOrchestrator.tsx,yes,PASS,,,,hint toast rendered + close
HUB-29,hub,Status page,Check if app operational,Public /status; anon /api/status poll 30s; per-component health badges; relative ts; last incident; retry,core/status/StatusPage.tsx:35,yes,BLOCKED,/api/status backend,,,
HUB-30,hub,Hub insights block,Aggregated insights in one place,Collapsed pill; coach card+digest+nudge+reengagement; each dismissable; digest expanded persists,core/hub/HubInsightsBlock.tsx; HubInsightsPanel.tsx,yes,PASS,,,,insights pills render+expand
HUB-31,hub,Cross-module preview,Related data from other modules,Breadcrumb preview tiles; dismissable; source tracked; encourages nav,core/hub/CrossModulePreview.tsx,yes,RENDER,,,,"Cross-module preview: 4 module cards on hub home (Фінік 450/18800, Фізрук 2/5, Рутина 5/5/14, Харчування 1250/2200)"
HUB-32,hub,Value progress bar,Visual goal progress,Horizontal bar current/target; pct label; animated; module-colored; edge cases zero/negative/overflow,core/hub/ValueProgressBar.tsx,yes,RENDER,,,,Value progress: 'Вже 6 записів — продовжуй' + report trend bars (+11%)
HUB-33,hub,Hub backup local,Backup local data to JSON,Export sergeant-hub-backup-DATE.json all LS; import picker validate merge; clear+import; error handling,core/hub/HubBackupPanel.tsx; hubBackup.ts,yes,RENDER,,,,Local Hub backup Експорт JSON (sergeant-hub-backup) + Імпорт
HUB-34,hub,Cloud sync status,See server sync status,useSyncStatus polls writer.getStatus; idle/syncing/error; queued count; retry; outbox+conflicts,core/cloudSync/hook/useSyncStatus.tsx; syncEngine/singleton.ts,yes,RENDER,backend syncEngine,,,Cloud sync status indicator shows queue depth ('Синхронізація · N в черзі') + connection state; drain SW-gated in dev
HUB-35,hub,Calm mode,Distraction-free view,'Чистий режим' hides insights/footer/privacy banner; Today Focus stays FTUX; cards remain; persists,core/hub/HubDashboard.tsx:33,yes,RENDER,,,,calm-mode toggle present
HUB-36,hub,Module hide/show inactive,Hide inactive modules,Header toggle show inactive; dim/remove; state useHubDashboardState,core/hub/HubModulesGrid.tsx,yes,RENDER,,,,Module hide/show + reorder: 'Налаштувати порядок модулів' + Налаштування→Загальні→Упорядкувати
HUB-37,hub,Module hero block,Dashboard hero overview+CTA,HubHeroBlock onboarding/welcome/reengagement by state; streak/count; CTA; FTUX priority; checklist,core/hub/HubHeroBlock.tsx,yes,PASS,,,,hero streak + footer '6 записів'
HUB-38,hub,Experimental settings,Access experimental features,Settings Experimental feature-flag toggles; conditional render; risk ack; resets on reload,core/settings/ExperimentalSection.tsx,yes,RENDER,,,,"Experimental section: ack checkbox unlocks flag toggles (app-lock/subs-category/Command Palette/FTUX outcome-card, disabled until ack)"
HUB-39,hub,Module-specific settings,Configure each module,Settings Finyk/Fizruk/Nutrition/Routine/Plan sections; currency/units/macros/recurrence; sync/LS,core/settings/FinykSection.tsx; FizrukSection.tsx,yes,RENDER,,,,"Module settings all 4: Рутина(calendar/habits/tags/cats), Фізрук(rest-timer presets), Фінік(custom cats/Mono token/service), Харчування(KБЖУ goals/water 2000/pantry/barcode)"
HUB-40,hub,AI digest settings,Control digest generation,Settings AI Digest toggle weekly; time picker; per-module opt-in; server sync; analytics,core/settings/AIDigestSection.tsx,yes,RENDER,,,,AI Звіт тижня: Автогенерація щопонеділка toggle + current week
