"feature_id","surface","source","route_or_entry","feature","user_story","expected_behavior","status","discovery_evidence","test_type","test_status","error_ids","fix_status","retest_status","owner_skill","last_updated","notes"
"WEB-HUB-001","web","apps/web/src/core/app/router.tsx","/","Hub home dashboard","As a returning or onboarded user, I want the root URL to show my hub dashboard so I can open modules and see app-level prompts.","Root route renders HubPage and then HubHomeView when storage is ready and onboarding is not required.","tested_passed","router.tsx root index -> HubPage; HubPage fallback branch -> HubHomeView","playwright","passed","","not_started","not_started","sergeant-web-ui","2026-06-29","Covered by Playwright ledger browser smoke: pnpm --filter @sergeant/web exec playwright test --config playwright.ledger.config.ts --project chromium (49/49 passed); API mocked in browser, production preview build."
"WEB-HUB-002","web","apps/web/src/core/app/StandaloneRoutes.tsx","/","Public landing for fresh visitors","As a fresh unauthenticated visitor, I want the root URL to show the landing page so I can decide whether to continue or sign in.","When auth is not loading, there is no user, storage is ready, and onboarding is required, / renders LandingPage.","tested_passed","StandaloneRoutes root entry renders LandingPage under shouldShowOnboarding","playwright","passed","","not_started","not_started","sergeant-web-ui","2026-06-29","Covered by Playwright ledger browser smoke: pnpm --filter @sergeant/web exec playwright test --config playwright.ledger.config.ts --project chromium (49/49 passed); API mocked in browser, production preview build."
"WEB-ONBOARD-001","web","apps/web/src/core/onboarding/route.tsx","/onboarding/*","Onboarding route","As a first-time user, I want the onboarding flow to load on demand so I can configure the app without paying that bundle cost on every visit.","/onboarding/* lazy-loads WelcomeScreen and returns to / on completion.","tested_passed","router.tsx onboarding child; core/onboarding/route.tsx","playwright","passed","","not_started","not_started","sergeant-web-ui","2026-06-29","Covered by Playwright ledger browser smoke: pnpm --filter @sergeant/web exec playwright test --config playwright.ledger.config.ts --project chromium (49/49 passed); API mocked in browser, production preview build."
"WEB-ONBOARD-002","web","apps/web/src/core/app/StandaloneRoutes.tsx","/welcome","Welcome cold-start flow","As a first-time user opening /welcome, I want to see onboarding only after storage readiness is known so returning users are not bounced into onboarding.","/welcome renders PageLoader until storageReady, redirects warm users to /, and renders WelcomeScreen for true first-run users.","tested_passed","StandaloneRoutes welcome entry","playwright","passed","","not_started","not_started","sergeant-web-ui","2026-06-29","Covered by Playwright ledger browser smoke: pnpm --filter @sergeant/web exec playwright test --config playwright.ledger.config.ts --project chromium (49/49 passed); API mocked in browser, production preview build."
"WEB-AUTH-001","web","apps/web/src/core/app/StandaloneRoutes.tsx","/sign-in","Sign-in page","As a user, I want /sign-in to show the auth form when I am logged out and redirect me home when I am already logged in.","/sign-in renders AuthPage for logged-out users and RedirectTo / once authLoading settles with a user.","tested_passed","StandaloneRoutes sign-in entry","playwright","passed","","not_started","not_started","better-auth-best-practices","2026-06-29","Covered by Playwright ledger browser smoke: pnpm --filter @sergeant/web exec playwright test --config playwright.ledger.config.ts --project chromium (49/49 passed); API mocked in browser, production preview build."
"WEB-AUTH-002","web","apps/web/src/core/app/StandaloneRoutes.tsx","/login /signin /auth","Auth aliases","As a user following an old auth link, I want login aliases to resolve to the canonical sign-in URL.","Alias paths hard redirect to /sign-in.","tested_passed","StandaloneRoutes SIGN_IN_ALIAS_PATHS entry","playwright","passed","","not_started","not_started","better-auth-best-practices","2026-06-29","Covered by Playwright ledger browser smoke: pnpm --filter @sergeant/web exec playwright test --config playwright.ledger.config.ts --project chromium (49/49 passed); API mocked in browser, production preview build."
"WEB-AUTH-003","web","apps/web/src/core/app/StandaloneRoutes.tsx","/reset-password","Reset password landing","As a user with a magic reset link, I want reset-password to render even if a session already exists so I can recover the intended account.","/reset-password renders ResetPasswordPage unconditionally.","tested_passed","StandaloneRoutes reset-password entry","playwright","passed","","not_started","not_started","better-auth-best-practices","2026-06-29","Covered by Playwright ledger browser smoke: pnpm --filter @sergeant/web exec playwright test --config playwright.ledger.config.ts --project chromium (49/49 passed); API mocked in browser, production preview build."
"WEB-PROFILE-001","web","apps/web/src/core/app/StandaloneRoutes.tsx","/profile","Legacy profile deep link","As a user with an old /profile link, I want it to send me to the current profile tab or sign-in if I am logged out.","/profile waits for auth, redirects logged-out users to /sign-in, and logged-in users to /?tab=profile.","tested_passed","StandaloneRoutes profile entry","playwright","passed","","not_started","not_started","sergeant-web-ui","2026-06-29","Covered by Playwright ledger browser smoke: pnpm --filter @sergeant/web exec playwright test --config playwright.ledger.config.ts --project chromium (49/49 passed); API mocked in browser, production preview build."
"WEB-PRICING-001","web","apps/web/src/core/app/StandaloneRoutes.tsx","/pricing","Pricing page","As a visitor, I want pricing to be publicly reachable so I can understand plans before signing up.","/pricing lazy-loads PricingPage without requiring auth.","tested_passed","StandaloneRoutes pricing entry","playwright","passed","","not_started","not_started","sergeant-web-ui","2026-06-29","Covered by Playwright ledger browser smoke: pnpm --filter @sergeant/web exec playwright test --config playwright.ledger.config.ts --project chromium (49/49 passed); API mocked in browser, production preview build."
"WEB-LEGAL-001","web","apps/web/src/core/app/StandaloneRoutes.tsx","/privacy /terms /cookies /offer","Legal pages","As a visitor, I want legal URLs to render the correct legal document so I can inspect privacy, terms, cookies, or offer details.","Legal path group lazy-loads LegalPage with the current pathname.","tested_passed","StandaloneRoutes legal entry","playwright","passed","","not_started","not_started","sergeant-web-ui","2026-06-29","Covered by Playwright ledger browser smoke: pnpm --filter @sergeant/web exec playwright test --config playwright.ledger.config.ts --project chromium (49/49 passed); API mocked in browser, production preview build."
"WEB-STATUS-001","web","apps/web/src/core/app/StandaloneRoutes.tsx","/status","Public service status","As a user or monitor, I want /status to be public so service health can be checked without a session.","/status lazy-loads StatusPage anonymously.","tested_passed","StandaloneRoutes status entry","playwright","passed","","not_started","not_started","sergeant-web-ui","2026-06-29","Covered by Playwright ledger browser smoke: pnpm --filter @sergeant/web exec playwright test --config playwright.ledger.config.ts --project chromium (49/49 passed); API mocked in browser, production preview build."
"WEB-ASSISTANT-001","web","apps/web/src/core/app/StandaloneRoutes.tsx","/assistant","Assistant catalogue","As a user, I want a URL-addressable assistant catalogue so I can inspect available assistant capabilities and close back to the hub.","/assistant lazy-loads AssistantCataloguePage and receives onAssistantClose.","tested_passed","StandaloneRoutes assistant entry","playwright","passed","","not_started","not_started","sergeant-hubchat","2026-06-29","Covered by Playwright ledger browser smoke: pnpm --filter @sergeant/web exec playwright test --config playwright.ledger.config.ts --project chromium (49/49 passed); API mocked in browser, production preview build."
"WEB-CHAT-001","web","apps/web/src/core/app/StandaloneRoutes.tsx","/chat","Hub chat page","As a user, I want /chat to open HubChat directly so I can continue assistant conversation from a deep link.","/chat lazy-loads HubChatPage.","tested_passed","StandaloneRoutes chat entry","playwright","passed","","not_started","not_started","sergeant-hubchat","2026-06-29","Covered by Playwright ledger browser smoke: pnpm --filter @sergeant/web exec playwright test --config playwright.ledger.config.ts --project chromium (49/49 passed); API mocked in browser, production preview build. Also covered by real-DB critical smoke: pnpm --filter @sergeant/web exec playwright test --config playwright.smoke.config.ts --project chromium --grep @critical (17/17 passed)."
"WEB-NOTFOUND-001","web","apps/web/src/core/app/StandaloneRoutes.tsx","unknown","Unknown route handling","As a user following a bad URL, I want a clear 404 instead of silently seeing the dashboard.","Unknown non-module paths render NotFoundPage; path-based module paths are exempted.","tested_passed","StandaloneRoutes unknown-path guard","playwright","passed","","not_started","not_started","sergeant-web-ui","2026-06-29","Covered by Playwright ledger browser smoke: pnpm --filter @sergeant/web exec playwright test --config playwright.ledger.config.ts --project chromium (49/49 passed); API mocked in browser, production preview build."
"WEB-DEV-001","web","apps/web/src/core/app/StandaloneRoutes.tsx","/design","Dev-only design showcase","As a developer, I want /design only in dev builds so internal design rules are not exposed in production.","/design renders DesignShowcase only when import.meta.env.DEV, otherwise NotFoundPage.","tested_passed","StandaloneRoutes design entry","playwright","passed","","not_started","not_started","sergeant-web-ui","2026-06-29","Covered by Playwright ledger browser smoke: pnpm --filter @sergeant/web exec playwright test --config playwright.ledger.config.ts --project chromium (49/49 passed); API mocked in browser, production preview build."
"WEB-FINYK-001","web","apps/web/src/modules/finyk/route.tsx","/finyk/*","Finyk module shell","As a finance user, I want /finyk to lazy-load the finance module with back, settings, PWA actions, and module chrome.","/finyk/* renders ModuleShell moduleId=finyk and FinykApp through SuspenseWithMinDelay.","tested_passed","router.tsx finyk child; modules/finyk/route.tsx","playwright","passed","","not_started","not_started","sergeant-web-ui","2026-06-29","Covered by Playwright ledger browser smoke: pnpm --filter @sergeant/web exec playwright test --config playwright.ledger.config.ts --project chromium (49/49 passed); API mocked in browser, production preview build."
"WEB-FINYK-002","web","apps/web/src/modules/finyk/components/finykNav.tsx","finyk:overview","Finyk overview","As a finance user, I want an overview tab so I can summarize balances and navigate into detailed finance areas.","Bottom nav exposes overview and FinykApp renders Overview for page=overview.","tested_passed","finykNav NAV_ITEMS overview; FinykApp renderPage overview","playwright","passed","","not_started","not_started","sergeant-web-ui","2026-06-29","Covered by Playwright ledger browser smoke: pnpm --filter @sergeant/web exec playwright test --config playwright.ledger.config.ts --project chromium (49/49 passed); API mocked in browser, production preview build."
"WEB-FINYK-003","web","apps/web/src/modules/finyk/components/finykNav.tsx","finyk:transactions","Finyk transactions","As a finance user, I want a transactions tab so I can inspect and edit manual expenses.","Bottom nav exposes transactions; FinykApp renders Transactions and supports edit manual expense.","tested_passed","finykNav NAV_ITEMS transactions; FinykApp renderPage transactions","playwright","passed","","not_started","not_started","sergeant-web-ui","2026-06-29","Covered by Playwright ledger browser smoke: pnpm --filter @sergeant/web exec playwright test --config playwright.ledger.config.ts --project chromium (49/49 passed); API mocked in browser, production preview build."
"WEB-FINYK-004","web","apps/web/src/modules/finyk/FinykApp.tsx","finyk:add-expense","Manual expense sheet","As a finance user, I want to add, edit, delete, and undo-delete manual expenses from relevant Finyk pages.","Floating action opens ManualExpenseSheet on overview/transactions/budgets; save/edit/delete update storage and show toast/undo.","tested_passed","FinykApp FloatingActionButton and ManualExpenseSheet handlers","playwright","passed","","not_started","not_started","sergeant-web-ui","2026-06-29","Covered by Playwright ledger browser smoke: pnpm --filter @sergeant/web exec playwright test --config playwright.ledger.config.ts --project chromium (49/49 passed); API mocked in browser, production preview build."
"WEB-FINYK-005","web","apps/web/src/modules/finyk/components/finykNav.tsx","finyk:budgets","Finyk planning","As a finance user, I want a planning tab so I can manage budget limits and first-run monthly-plan guidance.","Bottom nav exposes budgets; first-run Finyk navigates to budgets and shows dismissible monthly-plan hint.","tested_passed","finykNav NAV_ITEMS budgets; FinykApp first-run effect and Budgets props","playwright","passed","","not_started","not_started","sergeant-web-ui","2026-06-29","Covered by Playwright ledger browser smoke: pnpm --filter @sergeant/web exec playwright test --config playwright.ledger.config.ts --project chromium (49/49 passed); API mocked in browser, production preview build."
"WEB-FINYK-006","web","apps/web/src/modules/finyk/components/finykNav.tsx","finyk:analytics","Finyk analytics","As a finance user, I want analytics so I can understand spending patterns from available finance data.","Bottom nav exposes analytics and FinykApp renders Analytics.","tested_passed","finykNav NAV_ITEMS analytics; FinykApp renderPage analytics","playwright","passed","","not_started","not_started","sergeant-web-ui","2026-06-29","Covered by Playwright ledger browser smoke: pnpm --filter @sergeant/web exec playwright test --config playwright.ledger.config.ts --project chromium (49/49 passed); API mocked in browser, production preview build."
"WEB-FINYK-007","web","apps/web/src/modules/finyk/components/finykNav.tsx","finyk:assets","Finyk assets","As a finance user, I want an assets tab so I can inspect stored assets while respecting balance visibility.","Bottom nav exposes assets and FinykApp renders Assets with showBalance state.","tested_passed","finykNav NAV_ITEMS assets; FinykApp renderPage assets","playwright","passed","","not_started","not_started","sergeant-web-ui","2026-06-29","Covered by Playwright ledger browser smoke: pnpm --filter @sergeant/web exec playwright test --config playwright.ledger.config.ts --project chromium (49/49 passed); API mocked in browser, production preview build."
"WEB-FINYK-008","web","apps/web/src/modules/finyk/FinykApp.tsx","finyk:bank-connect","Monobank connect or manual-only mode","As a finance user, I want to connect Monobank or continue manually so I can use Finyk with or without bank integration.","NoBankBanner opens FinykLoginScreen or enables manual-only mode; successful connect closes login overlay.","tested_passed","FinykApp NoBankBanner, FinykLoginScreen, useMonobank","playwright","passed","","not_started","not_started","sergeant-web-ui","2026-06-29","Covered by Playwright ledger browser smoke: pnpm --filter @sergeant/web exec playwright test --config playwright.ledger.config.ts --project chromium (49/49 passed); API mocked in browser, production preview build."
"WEB-FIZRUK-001","web","apps/web/src/modules/fizruk/route.tsx","/fizruk/*","Fizruk module shell","As a fitness user, I want /fizruk to lazy-load the fitness module with module chrome, back/settings, and PWA actions.","/fizruk/* renders ModuleShell moduleId=fizruk and FizrukApp through SuspenseWithMinDelay.","tested_passed","router.tsx fizruk child; modules/fizruk/route.tsx","playwright","passed","","not_started","not_started","sergeant-web-ui","2026-06-29","Covered by Playwright ledger browser smoke: pnpm --filter @sergeant/web exec playwright test --config playwright.ledger.config.ts --project chromium (49/49 passed); API mocked in browser, production preview build."
"WEB-FIZRUK-002","web","apps/web/src/modules/fizruk/shell/fizrukNav.tsx","fizruk:dashboard","Fizruk dashboard","As a fitness user, I want an overview tab so I can see today's plan and start a programmed workout.","Fizruk bottom nav exposes dashboard and router renders Dashboard with program and today-session actions.","tested_passed","fizrukNav dashboard; FizrukRouter dashboard case","playwright","passed","","not_started","not_started","sergeant-web-ui","2026-06-29","Covered by Playwright ledger browser smoke: pnpm --filter @sergeant/web exec playwright test --config playwright.ledger.config.ts --project chromium (49/49 passed); API mocked in browser, production preview build."
"WEB-FIZRUK-003","web","apps/web/src/modules/fizruk/shell/fizrukNav.tsx","fizruk:workouts","Fizruk workouts","As a fitness user, I want a workouts tab so I can create workouts and optionally open Routine from workout planning.","Fizruk bottom nav exposes workouts and router renders Workouts with onOpenRoutine and onOpenPrograms actions.","tested_passed","fizrukNav workouts; FizrukRouter workouts case","playwright","passed","","not_started","not_started","sergeant-web-ui","2026-06-29","Covered by Playwright ledger browser smoke: pnpm --filter @sergeant/web exec playwright test --config playwright.ledger.config.ts --project chromium (49/49 passed); API mocked in browser, production preview build."
"WEB-FIZRUK-004","web","apps/web/src/modules/fizruk/shell/FizrukRouter.tsx","fizruk:programs","Fizruk programs","As a fitness user, I want programs so I can activate, deactivate, and start workouts from training programs.","Router renders Programs with activate/deactivate and onStartWorkout callbacks.","tested_passed","FizrukRouter programs case","playwright","passed","","not_started","not_started","sergeant-web-ui","2026-06-29","Covered by Playwright ledger browser smoke: pnpm --filter @sergeant/web exec playwright test --config playwright.ledger.config.ts --project chromium (49/49 passed); API mocked in browser, production preview build."
"WEB-FIZRUK-005","web","apps/web/src/modules/fizruk/shell/FizrukRouter.tsx","fizruk:progress","Fizruk progress and measurements","As a fitness user, I want progress and measurements screens so I can track changes and drill into body measurements.","Bottom nav exposes progress; router renders Progress and can navigate to Measurements.","tested_passed","fizrukNav progress; FizrukRouter progress and measurements cases","playwright","passed","","not_started","not_started","sergeant-web-ui","2026-06-29","Covered by Playwright ledger browser smoke: pnpm --filter @sergeant/web exec playwright test --config playwright.ledger.config.ts --project chromium (49/49 passed); API mocked in browser, production preview build."
"WEB-FIZRUK-006","web","apps/web/src/modules/fizruk/shell/FizrukRouter.tsx","fizruk:body","Fizruk body atlas","As a fitness user, I want a body tab so I can open measurements or the exercise atlas.","Bottom nav exposes body; router renders Body with onOpenMeasurements and onOpenAtlas.","tested_passed","fizrukNav body; FizrukRouter body/atlas/exercise cases","playwright","passed","","not_started","not_started","sergeant-web-ui","2026-06-29","Covered by Playwright ledger browser smoke: pnpm --filter @sergeant/web exec playwright test --config playwright.ledger.config.ts --project chromium (49/49 passed); API mocked in browser, production preview build."
"WEB-NUTRITION-001","web","apps/web/src/modules/nutrition/route.tsx","/nutrition/*","Nutrition module shell","As a nutrition user, I want /nutrition to lazy-load the nutrition module with module chrome, back/settings, PWA actions, and pantry context.","/nutrition/* renders ModuleShell moduleId=nutrition and NutritionApp through SuspenseWithMinDelay.","tested_passed","router.tsx nutrition child; modules/nutrition/route.tsx","playwright","passed","","not_started","not_started","sergeant-web-ui","2026-06-29","Covered by Playwright ledger browser smoke: pnpm --filter @sergeant/web exec playwright test --config playwright.ledger.config.ts --project chromium (49/49 passed); API mocked in browser, production preview build."
"WEB-NUTRITION-002","web","apps/web/src/modules/nutrition/components/NutritionBottomNav.tsx","nutrition:start","Nutrition start overview","As a nutrition user, I want a start page so I can see nutrition guidance, quick-add meals, and photo analysis entrypoints.","Bottom nav exposes start; NutritionApp renders NutritionStartPage with day hints, photo card, add-meal request, and quick chips.","tested_passed","NutritionBottomNav start; NutritionApp activePage=start","playwright","passed","","not_started","not_started","sergeant-web-ui","2026-06-29","Covered by Playwright ledger browser smoke: pnpm --filter @sergeant/web exec playwright test --config playwright.ledger.config.ts --project chromium (49/49 passed); API mocked in browser, production preview build."
"WEB-NUTRITION-003","web","apps/web/src/modules/nutrition/components/NutritionBottomNav.tsx","nutrition:pantry","Nutrition pantry","As a nutrition user, I want a pantry page so I can manage pantry items, shopping lists, recipes, and barcode scans.","Bottom nav exposes pantry; NutritionApp renders NutritionPantryPage and NutritionOverlays can open pantry scanner.","tested_passed","NutritionBottomNav pantry; NutritionApp activePage=pantry and NutritionOverlays","playwright","passed","","not_started","not_started","sergeant-web-ui","2026-06-29","Covered by Playwright ledger browser smoke: pnpm --filter @sergeant/web exec playwright test --config playwright.ledger.config.ts --project chromium (49/49 passed); API mocked in browser, production preview build."
"WEB-NUTRITION-004","web","apps/web/src/modules/nutrition/components/NutritionBottomNav.tsx","nutrition:log","Nutrition meal journal","As a nutrition user, I want a journal so I can add, edit, remove, and review meals for the selected Kyiv date.","Bottom nav exposes log; NutritionApp renders NutritionLogPage and AddMealSheet is controlled through NutritionOverlays.","tested_passed","NutritionBottomNav log; NutritionApp activePage=log and wrappedSaveMeal","playwright","passed","","not_started","not_started","sergeant-web-ui","2026-06-29","Covered by Playwright ledger browser smoke: pnpm --filter @sergeant/web exec playwright test --config playwright.ledger.config.ts --project chromium (49/49 passed); API mocked in browser, production preview build."
"WEB-NUTRITION-005","web","apps/web/src/modules/nutrition/components/NutritionBottomNav.tsx","nutrition:menu","Nutrition menu planning","As a nutrition user, I want menu planning so I can generate day plans, week plans, recipes, and add planned meals to my log.","Bottom nav exposes menu; NutritionApp renders NutritionMenuPage with day plan, week plan, recipe recommendations, and first-run hint.","tested_passed","NutritionBottomNav menu; NutritionApp activePage=menu","playwright","passed","","not_started","not_started","sergeant-web-ui","2026-06-29","Covered by Playwright ledger browser smoke: pnpm --filter @sergeant/web exec playwright test --config playwright.ledger.config.ts --project chromium (49/49 passed); API mocked in browser, production preview build."
"WEB-NUTRITION-006","web","apps/web/src/modules/nutrition/NutritionApp.tsx","nutrition:backup-restore","Nutrition cloud backup and restore","As a nutrition user, I want backup and restore dialogs so I can protect or restore nutrition data.","NutritionOverlays receives backup password dialog, restore confirm, and cloud backup handlers.","tested_passed","NutritionApp useNutritionCloudBackup and NutritionOverlays props","playwright","passed","","not_started","not_started","sergeant-web-ui","2026-06-29","Covered by Playwright ledger browser smoke: pnpm --filter @sergeant/web exec playwright test --config playwright.ledger.config.ts --project chromium (49/49 passed); API mocked in browser, production preview build."
"WEB-ROUTINE-001","web","apps/web/src/modules/routine/route.tsx","/routine/*","Routine module shell","As a routine user, I want /routine to lazy-load habits with module chrome, back/settings, PWA actions, and cross-module open support.","/routine/* renders ModuleShell moduleId=routine and RoutineApp through SuspenseWithMinDelay.","tested_passed","router.tsx routine child; modules/routine/route.tsx","playwright","passed","","not_started","not_started","sergeant-web-ui","2026-06-29","Covered by Playwright ledger browser smoke: pnpm --filter @sergeant/web exec playwright test --config playwright.ledger.config.ts --project chromium (49/49 passed); API mocked in browser, production preview build."
"WEB-ROUTINE-002","web","apps/web/src/modules/routine/components/RoutineBottomNav.tsx","routine:calendar","Routine overview calendar","As a routine user, I want an overview calendar so I can see and complete habits for the current period.","Routine bottom nav exposes calendar and RoutineTimeline renders calendar data/actions.","tested_passed","RoutineBottomNav calendar; RoutineApp -> RoutineTimeline","playwright","passed","","not_started","not_started","sergeant-web-ui","2026-06-29","Covered by Playwright ledger browser smoke: pnpm --filter @sergeant/web exec playwright test --config playwright.ledger.config.ts --project chromium (49/49 passed); API mocked in browser, production preview build."
"WEB-ROUTINE-003","web","apps/web/src/modules/routine/components/RoutineBottomNav.tsx","routine:stats","Routine statistics","As a routine user, I want a statistics tab so I can review streaks and habit progress.","Routine bottom nav exposes stats and RoutineTimeline receives mainTab and streak/calendar data.","tested_passed","RoutineBottomNav stats; RoutineApp -> RoutineTimeline","playwright","passed","","not_started","not_started","sergeant-web-ui","2026-06-29","Covered by Playwright ledger browser smoke: pnpm --filter @sergeant/web exec playwright test --config playwright.ledger.config.ts --project chromium (49/49 passed); API mocked in browser, production preview build."
"WEB-ROUTINE-004","web","apps/web/src/modules/routine/RoutineActions.tsx","routine:add-habit","Quick add habit","As a routine user, I want a quick-add habit dialog so I can create habits from the bottom action without leaving the timeline.","RoutineActions renders HabitQuickCreateDialog and RoutineBottomNav plus button opens it.","tested_passed","RoutineActions and RoutineBottomNav onAddHabit","playwright","passed","","not_started","not_started","sergeant-web-ui","2026-06-29","Covered by Playwright ledger browser smoke: pnpm --filter @sergeant/web exec playwright test --config playwright.ledger.config.ts --project chromium (49/49 passed); API mocked in browser, production preview build."
"WEB-INSIGHTS-001","web","apps/web/src/core/insights/route.tsx","/insights/*","Insights reports","As a user, I want /insights to show reports so I can review period-based cross-module summaries.","/insights/* renders a main landmark with sr-only h1 and lazy HubReports.","tested_passed","router.tsx insights child; core/insights/route.tsx","playwright","passed","","not_started","not_started","sergeant-web-ui","2026-06-29","Covered by Playwright ledger browser smoke: pnpm --filter @sergeant/web exec playwright test --config playwright.ledger.config.ts --project chromium (49/49 passed); API mocked in browser, production preview build."
"WEB-SETTINGS-001","web","apps/web/src/core/settings/route.tsx","/settings/*","Settings page","As a user, I want /settings to show hub settings so I can configure account and module settings.","/settings/* renders HubSettingsPage with the shell user.","tested_passed","router.tsx settings child; core/settings/route.tsx","playwright","passed","","not_started","not_started","sergeant-web-ui","2026-06-29","Covered by Playwright ledger browser smoke: pnpm --filter @sergeant/web exec playwright test --config playwright.ledger.config.ts --project chromium (49/49 passed); API mocked in browser, production preview build."
"API-HEALTH-001","server","apps/server/src/routes/health.ts","/livez /health/liveness","Liveness probe","As an operator, I want liveness probes to answer while the event loop is alive so the platform does not restart healthy processes.","Short and nested liveness aliases use livezHandler and should return liveness status without DB readiness requirements.","tested_passed","createHealthRouter liveness aliases","integration","passed","","not_started","not_started","sergeant-server-api","2026-06-29","Covered by server batch 2026-06-29"
"API-HEALTH-002","server","apps/server/src/routes/health.ts","/readyz /health /health/readiness","Readiness probe","As an operator, I want readiness probes to reflect DB availability so traffic only reaches ready instances.","Readiness aliases use createReadyzHandler(pool), returning success only when DB readiness passes.","tested_passed","createHealthRouter readyz aliases","integration","passed","","not_started","not_started","sergeant-server-api","2026-06-29","Covered by server batch 2026-06-29"
"API-HEALTH-003","server","apps/server/src/routes/health.ts","/startupz /health/startup","Startup probe","As an operator, I want startup probes to tell the platform when app.listen has completed so rollout health is accurate.","Startup aliases use startupzHandler and should report startup status separately from readiness.","tested_passed","createHealthRouter startup aliases","integration","passed","","not_started","not_started","sergeant-server-api","2026-06-29","Covered by server batch 2026-06-29"
"API-HEALTH-004","server","apps/server/src/routes/health.ts","/healthz /health/workers /metrics","Operational diagnostics","As an operator, I want detailed health, worker, and metrics endpoints so incidents can be diagnosed without touching product routes.","Healthz, worker health, and metrics are registered separately from platform probes.","tested_passed","createHealthRouter healthz workers metrics","integration","passed","","not_started","not_started","sergeant-server-api","2026-06-29","Covered by server batch 2026-06-29"
"API-ME-001","server","apps/server/src/routes/me.ts","/api/me","Current user profile","As an authenticated web or mobile user, I want /api/me to return my public account fields so clients can hydrate session-owned UI.","/api/me requires session and responds with MeResponseSchema using serialized public user fields.","tested_passed","createMeRouter GET /api/me","contract","passed","","not_started","not_started","sergeant-server-api","2026-06-29","Covered by server batch 2026-06-29"
"API-ME-002","server","apps/server/src/routes/me.ts","/api/me/preferences","User preferences read","As an authenticated user, I want to load my preferences so module and account settings persist across sessions.","GET /api/me/preferences requires session and returns UserPreferencesSchema from getUserPreferences.","tested_passed","createMeRouter GET /api/me/preferences","contract","passed","","not_started","not_started","sergeant-server-api","2026-06-29","Covered by server batch 2026-06-29"
"API-ME-003","server","apps/server/src/routes/me.ts","/api/me/preferences","User preferences update","As an authenticated user, I want to update preferences safely so settings changes persist with schema validation.","PATCH /api/me/preferences requires session, parses UserPreferencesPatchSchema, upserts preferences, and returns UserPreferencesSchema.","tested_passed","createMeRouter PATCH /api/me/preferences","contract","passed","","not_started","not_started","sergeant-server-api","2026-06-29","Covered by server batch 2026-06-29"
"API-ME-004","server","apps/server/src/routes/me.ts","/api/me/export","Data export","As an authenticated user, I want to export my account data so I can exercise data portability rights.","GET /api/me/export requires session, builds export payload, and validates with MeExportResponseSchema.","tested_passed","createMeRouter GET /api/me/export","contract","passed","","not_started","not_started","sergeant-server-api","2026-06-29","Covered by server batch 2026-06-29"
"API-ME-005","server","apps/server/src/routes/me.ts","/api/me","Account deletion","As an authenticated user, I want to delete my account data so I can exercise deletion rights.","DELETE /api/me requires session, deletes user data, and validates with MeDeleteResponseSchema.","tested_passed","createMeRouter DELETE /api/me","contract","passed","","not_started","not_started","sergeant-server-api","2026-06-29","Covered by server batch 2026-06-29"
"API-CHAT-001","server","apps/server/src/routes/chat.ts","/api/chat","AI chat stream","As a user, I want chat requests to stream through the server with model key and quota guards so the assistant works without uncontrolled spend.","POST /api/chat sets module chat, applies weighted rate limit, requires Anthropic key and AI quota, then calls chatHandler.","retested_passed","createChatRouter POST /api/chat","integration","failed","ERR-SERVER-CHAT-ROUTE-TIMEOUT-20260629","fixed","passed","sergeant-server-api","2026-06-29","Fixed route-test harness timeout and retested 3 passed"
"API-FINYK-001","server","apps/server/src/routes/finyk.ts","/api/finyk/manual-expenses","Server-backed manual expenses","As a finance user, I want manual expenses to be created through the server so authenticated writes are scoped to my Better Auth user id.","POST /api/finyk/manual-expenses requires session, module guard, rate limit, and createManualExpense; body user_id is not accepted.","retested_passed","createFinykRouter POST /api/finyk/manual-expenses","contract","failed","ERR-SERVER-FINYK-ROUTE-RATELIMIT-MOCK-20260629","fixed","passed","sergeant-server-api","2026-06-29","Initial finyk.route.test.ts run timed out / returned 500 because the test mocked http/rateLimit.js while the route imports rateLimitExpress through http/index.js; fixed the test mock boundary and retested with finyk.route.test.ts plus apiV1.test.ts."
"API-NUTRITION-001","server","apps/server/src/routes/nutrition.ts","/api/nutrition/analyze-photo","Meal photo analysis","As a nutrition user, I want to analyze a meal photo so I can convert food images into meal data.","POST analyze-photo requires nutrition guards, photo-specific rate limit, Anthropic key, and AI quota before analyzePhoto.","tested_passed","createNutritionRouter POST /analyze-photo","integration","passed","","not_started","not_started","sergeant-server-api","2026-06-29","Covered by cross-domain-routes.contract.test.ts in combined server batch: pnpm --filter @sergeant/server test src/routes/cross-domain-routes.contract.test.ts src/routes/finyk.route.test.ts src/routes/apiV1.test.ts."
"API-NUTRITION-002","server","apps/server/src/routes/nutrition.ts","/api/nutrition/parse-pantry","Pantry text parsing","As a nutrition user, I want pantry text to be parsed into items so I can populate pantry faster.","POST parse-pantry requires nutrition guards, rate limit, Anthropic key, and AI quota before parsePantry.","tested_passed","createNutritionRouter POST /parse-pantry","integration","passed","","not_started","not_started","sergeant-server-api","2026-06-29","Covered by cross-domain-routes.contract.test.ts in combined server batch: pnpm --filter @sergeant/server test src/routes/cross-domain-routes.contract.test.ts src/routes/finyk.route.test.ts src/routes/apiV1.test.ts."
"API-NUTRITION-003","server","apps/server/src/routes/nutrition.ts","/api/nutrition/recommend-recipes","Recipe recommendations","As a nutrition user, I want recipe recommendations from pantry and preferences so I can choose meals from available food.","POST recommend-recipes requires nutrition guards, weighted rate limit, Anthropic key, and AI quota before recommendRecipes.","tested_passed","createNutritionRouter POST /recommend-recipes","integration","passed","","not_started","not_started","sergeant-server-api","2026-06-29","Covered by cross-domain-routes.contract.test.ts in combined server batch: pnpm --filter @sergeant/server test src/routes/cross-domain-routes.contract.test.ts src/routes/finyk.route.test.ts src/routes/apiV1.test.ts."
"API-NUTRITION-004","server","apps/server/src/routes/nutrition.ts","/api/nutrition/day-plan /api/nutrition/week-plan","Nutrition meal planning","As a nutrition user, I want day and week plans so I can plan meals at different time horizons.","Day-plan and week-plan endpoints require nutrition guards, weighted rate limits, Anthropic key, and AI quota before their planners.","tested_passed","createNutritionRouter POST /day-plan and /week-plan","integration","passed","","not_started","not_started","sergeant-server-api","2026-06-29","Covered by cross-domain-routes.contract.test.ts in combined server batch: pnpm --filter @sergeant/server test src/routes/cross-domain-routes.contract.test.ts src/routes/finyk.route.test.ts src/routes/apiV1.test.ts."
"API-NUTRITION-005","server","apps/server/src/routes/nutrition.ts","/api/nutrition/shopping-list","Shopping list generation","As a nutrition user, I want a generated shopping list so I can turn planned meals into pantry tasks.","POST shopping-list requires nutrition guards, rate limit, Anthropic key, and AI quota before shoppingList.","tested_passed","createNutritionRouter POST /shopping-list","integration","passed","","not_started","not_started","sergeant-server-api","2026-06-29","Covered by cross-domain-routes.contract.test.ts in combined server batch: pnpm --filter @sergeant/server test src/routes/cross-domain-routes.contract.test.ts src/routes/finyk.route.test.ts src/routes/apiV1.test.ts."
"API-NUTRITION-006","server","apps/server/src/routes/nutrition.ts","/api/nutrition/backup-upload /api/nutrition/backup-download","Nutrition backup transfer","As a nutrition user, I want encrypted backup upload/download without consuming AI quota so data protection does not depend on model budget.","Backup upload/download require nutrition guards and endpoint rate limits but intentionally do not require Anthropic key or AI quota.","tested_passed","createNutritionRouter backup endpoints","integration","passed","","not_started","not_started","sergeant-server-api","2026-06-29","Covered by cross-domain-routes.contract.test.ts in combined server batch: pnpm --filter @sergeant/server test src/routes/cross-domain-routes.contract.test.ts src/routes/finyk.route.test.ts src/routes/apiV1.test.ts."
"MOB-HUB-001","mobile","apps/mobile/app/(tabs)/index.tsx","/(tabs)","Mobile hub dashboard","As a mobile user, I want the default tab to open the hub dashboard so I can reach modules, search, chat, reports, settings, and auth prompts.","Expo tabs index route renders the mobile hub dashboard surface.","retested_passed","apps/mobile/app/(tabs)/index.tsx and HubDashboard router actions","mobile-unit","failed","ERR-MOBILE-HUB-ACT-WARNINGS-20260629","fixed","passed","sergeant-mobile-expo","2026-06-29","Fixed by mocking dashboard analytics and hints, seeding drag coach as seen, and no-oping AssistantFab Animated.loop in HubDashboard.test.tsx; focused core retest passed cleanly."
"MOB-AUTH-001","mobile","apps/mobile/app/(auth)/sign-in.tsx","/(auth)/sign-in","Mobile sign-in","As a mobile user, I want a native sign-in route so I can authenticate from dashboard prompts or deep links.","Expo auth sign-in route renders SignInScreen and is reachable from HubDashboard.","tested_passed","apps/mobile/app/(auth)/sign-in.tsx; HubDashboard pushes /(auth)/sign-in","mobile-unit","passed","","not_started","not_started","better-auth-best-practices","2026-06-29","Covered by mobile core batch 2026-06-29"
"MOB-AUTH-002","mobile","apps/mobile/app/(auth)/forgot-password.tsx","/(auth)/forgot-password","Mobile forgot password","As a mobile user, I want a forgot-password route so I can request account recovery from the native app.","Expo auth forgot-password route renders ForgotPasswordScreen.","tested_passed","apps/mobile/app/(auth)/forgot-password.tsx; ForgotPasswordScreen tests","mobile-unit","passed","","not_started","not_started","better-auth-best-practices","2026-06-29","Covered by mobile core batch 2026-06-29"
"MOB-ONBOARD-001","mobile","apps/mobile/app/(auth)/onboarding.tsx","/(auth)/onboarding","Mobile onboarding","As a mobile first-time user, I want native onboarding so setup choices and permissions are collected before regular use.","Expo auth onboarding route renders the OnboardingWizard flow.","tested_passed","apps/mobile/app/(auth)/onboarding.tsx; core/OnboardingWizard.tsx","mobile-unit","passed","","not_started","not_started","sergeant-mobile-expo","2026-06-29","Covered by mobile core batch 2026-06-29"
"MOB-FINYK-001","mobile","apps/mobile/src/modules/finyk/constants.ts","/(tabs)/finyk","Mobile Finyk overview","As a mobile finance user, I want the Finyk overview route so I can see balance, spending, and trends from the native app.","FINYK_PAGES maps overview to /finyk and the Expo Finyk index route renders the overview page.","retested_passed","FINYK_PAGES overview; apps/mobile/app/(tabs)/finyk/index.tsx","mobile-unit","failed","ERR-MOBILE-FINYK-SQLITE-MIRROR-WARNINGS-20260629","fixed","passed","sergeant-mobile-expo","2026-06-29","Fixed by mocking non-asserted Finyk sqlite/mono mirror boot hooks in FinykApp.test.tsx; full Finyk mobile batch passed cleanly."
"MOB-FINYK-002","mobile","apps/mobile/src/modules/finyk/constants.ts","/(tabs)/finyk/transactions","Mobile Finyk transactions","As a mobile finance user, I want transactions with search and filters so I can inspect spending on the go.","FINYK_PAGES maps transactions to /finyk/transactions and TransactionsPage owns search/filter flows.","retested_passed","FINYK_PAGES transactions; TransactionsPage","mobile-unit","failed","ERR-MOBILE-FINYK-MONOMIRROR-WRITE-WARNINGS-20260629","fixed","passed","sergeant-mobile-expo","2026-06-29","Fixed by disabling mono mirror gate in TransactionsPage.test.tsx for UI-only assertions; full Finyk mobile batch passed cleanly."
"MOB-FINYK-003","mobile","apps/mobile/src/modules/finyk/constants.ts","/(tabs)/finyk/budgets","Mobile Finyk budgets","As a mobile finance user, I want budget planning so I can manage limits, goals, subscriptions, and plans.","FINYK_PAGES maps budgets to /finyk/budgets and BudgetsPage owns budget sheet flows.","retested_passed","FINYK_PAGES budgets; BudgetsPage","mobile-unit","failed","ERR-MOBILE-FINYK-MONOMIRROR-WRITE-WARNINGS-20260629","fixed","passed","sergeant-mobile-expo","2026-06-29","Fixed by disabling mono mirror gate in BudgetsPage.test.tsx for UI-only assertions; full Finyk mobile batch passed cleanly."
"MOB-FINYK-004","mobile","apps/mobile/src/modules/finyk/constants.ts","/(tabs)/finyk/analytics","Mobile Finyk analytics","As a mobile finance user, I want analytics so I can compare categories and merchants by month.","FINYK_PAGES maps analytics to /finyk/analytics and Analytics page owns summary/category/merchant views.","tested_passed","FINYK_PAGES analytics; Analytics page","mobile-unit","passed","","not_started","not_started","sergeant-mobile-expo","2026-06-29","Covered by Finyk mobile batch 2026-06-29"
"MOB-FINYK-005","mobile","apps/mobile/src/modules/finyk/constants.ts","/(tabs)/finyk/assets","Mobile Finyk assets","As a mobile finance user, I want assets so I can track accounts, subscriptions, debts, and receivables.","FINYK_PAGES maps assets to /finyk/assets and AssetsPage owns asset/debt/receivable sheets.","tested_passed","FINYK_PAGES assets; AssetsPage","mobile-unit","passed","","not_started","not_started","sergeant-mobile-expo","2026-06-29","Covered by Finyk mobile batch 2026-06-29"
"MOB-FIZRUK-001","mobile","apps/mobile/src/modules/fizruk/shell/fizrukNav.ts","/(tabs)/fizruk","Mobile Fizruk today","As a mobile fitness user, I want the Fizruk today route so I can see workout status and quick actions.","FIZRUK_NAV exposes dashboard and Expo Fizruk index route renders Dashboard.","tested_passed","Dashboard.test.tsx covers empty state active workout scheduled session quick links and aggregates; batch passed 11 suites/72 tests","mobile-unit","passed","","not_started","not_started","sergeant-mobile-expo","2026-06-29",""
"MOB-FIZRUK-002","mobile","apps/mobile/src/modules/fizruk/shell/fizrukNav.ts","/(tabs)/fizruk/workouts","Mobile Fizruk workouts","As a mobile fitness user, I want workouts so I can start, edit, and review workout sessions.","FIZRUK_NAV exposes workouts and Expo route /fizruk/workouts renders Workouts.","tested_passed","Workouts.test.tsx covers start CTA journal shortcut catalog exercise add and active-set editor","mobile-unit","passed","","not_started","not_started","sergeant-mobile-expo","2026-06-29",""
"MOB-FIZRUK-003","mobile","apps/mobile/src/modules/fizruk/shell/fizrukNav.ts","/(tabs)/fizruk/plan","Mobile Fizruk plan","As a mobile fitness user, I want a plan route so scheduled workouts are visible and actionable.","FIZRUK_NAV exposes plan and PlanCalendar routes users to workouts for planned sessions.","tested_passed","PlanCalendar.test.tsx covers calendar state quick actions recovery forecast accessibility labels and SQLite cache preservation","mobile-unit","passed","","not_started","not_started","sergeant-mobile-expo","2026-06-29",""
"MOB-FIZRUK-004","mobile","apps/mobile/src/modules/fizruk/shell/fizrukNav.ts","/(tabs)/fizruk/body","Mobile Fizruk body","As a mobile fitness user, I want body tracking so measurements, progress, atlas, and exercise detail routes are reachable.","FIZRUK_NAV exposes body; routes also include measurements, atlas, exercise, programs, progress, and workout detail/new.","tested_passed","Body.test.tsx Measurements.test.tsx BodyAtlas.test.tsx Progress.test.tsx Exercise.test.tsx and Programs.test.tsx passed","mobile-unit","passed","","not_started","not_started","sergeant-mobile-expo","2026-06-29",""
"MOB-NUTRITION-001","mobile","apps/mobile/src/modules/nutrition/components/NutritionBottomNav.tsx","/(tabs)/nutrition","Mobile Nutrition today","As a mobile nutrition user, I want the nutrition today dashboard so I can see daily nutrition state and launch related actions.","NutritionBottomNav exposes dashboard and Expo nutrition index route renders Dashboard.","retested_passed","NutritionApp.test.tsx renders Dashboard by default; batch passed 14 suites/95 tests","mobile-unit","failed","ERR-MOBILE-NUTRITION-SQLITE-READ-WARNINGS-20260629;ERR-MOBILE-NUTRITION-REANIMATED-RENDER-WARNINGS-20260629;ERR-MOBILE-NUTRITION-WORKER-TEARDOWN-20260629","fixed","passed","sergeant-mobile-expo","2026-06-29","Fixed by mocking non-asserted Nutrition boot hooks and disabling strict Reanimated logger in NutritionApp.test.tsx; full Nutrition mobile batch passed cleanly."
"MOB-NUTRITION-002","mobile","apps/mobile/src/modules/nutrition/components/NutritionBottomNav.tsx","/(tabs)/nutrition/log","Mobile Nutrition journal","As a mobile nutrition user, I want a meal journal so I can log and review meals natively.","NutritionBottomNav exposes log and NutritionApp owns log tab state; route coverage includes AddMealSheet behavior.","retested_passed","NutritionApp.test.tsx switches to Log; nutritionStore.test.ts validates log load/save dual-write","mobile-unit","failed","ERR-MOBILE-NUTRITION-DUALWRITE-WARNINGS-20260629","fixed","passed","sergeant-mobile-expo","2026-06-29","Fixed by mocking Nutrition dual-write boot in NutritionApp.test.tsx; full Nutrition mobile batch passed cleanly."
"MOB-NUTRITION-003","mobile","apps/mobile/src/modules/nutrition/components/NutritionBottomNav.tsx","/(tabs)/nutrition/water","Mobile water tracker","As a mobile nutrition user, I want water tracking so hydration can be recorded alongside meals.","NutritionBottomNav exposes water and Nutrition module has Water page and useWaterTracker hook.","retested_passed","NutritionApp.test.tsx switches to Water; nutritionStore.test.ts validates water load/save behavior","mobile-unit","failed","ERR-MOBILE-NUTRITION-DUALWRITE-WARNINGS-20260629","fixed","passed","sergeant-mobile-expo","2026-06-29","Fixed by mocking Nutrition dual-write boot in NutritionApp.test.tsx; full Nutrition mobile batch passed cleanly."
"MOB-NUTRITION-004","mobile","apps/mobile/src/modules/nutrition/components/NutritionBottomNav.tsx","/(tabs)/nutrition/shopping","Mobile shopping list","As a mobile nutrition user, I want a shopping list so generated or manual shopping tasks can be managed.","NutritionBottomNav exposes shopping and Nutrition module has Shopping page and shopping generation tests.","retested_passed","NutritionApp.test.tsx switches to Shopping; Shopping.generate.test.tsx covers AI generation and quota errors","mobile-unit","failed","ERR-MOBILE-NUTRITION-DUALWRITE-WARNINGS-20260629","fixed","passed","sergeant-mobile-expo","2026-06-29","Fixed by mocking Nutrition dual-write boot in NutritionApp.test.tsx; full Nutrition mobile batch passed cleanly."
"MOB-NUTRITION-005","mobile","apps/mobile/app/(tabs)/nutrition/scan.tsx","/(tabs)/nutrition/scan","Mobile nutrition barcode scan","As a mobile nutrition user, I want barcode scan flow so product data can be added to pantry or meal creation.","Expo route /nutrition/scan renders NutritionBarcodeScanScreen.","tested_passed","mobileRoutes.test.tsx verifies the Expo nutrition scan route renders NutritionBarcodeScanScreen","mobile-unit","passed","","not_started","not_started","sergeant-mobile-expo","2026-06-29","Screen behavior remains tracked separately by MOB-NUTRITION-011"
"MOB-NUTRITION-006","mobile","apps/mobile/app/(tabs)/nutrition/recipe/*.tsx","/(tabs)/nutrition/recipe/*","Mobile recipes","As a mobile nutrition user, I want recipe recommend, detail, form, and saved-recipes routes so recipes can be generated, saved, edited, and reused.","Expo nutrition recipe routes map to recommend, form, detail, and saved-recipes pages.","retested_passed","RecipeRecommender.test.tsx covers recommend/save/add-to-log/errors; recipeBookStore and recipeCache tests passed","mobile-unit","failed","ERR-MOBILE-NUTRITION-REANIMATED-RENDER-WARNINGS-20260629;ERR-MOBILE-NUTRITION-DUALWRITE-WARNINGS-20260629","fixed","passed","sergeant-mobile-expo","2026-06-29","Fixed by isolating NutritionApp boot/logging side effects; full Nutrition mobile batch passed cleanly."
"MOB-ROUTINE-001","mobile","apps/mobile/src/modules/routine/RoutineApp.tsx","/(tabs)/routine","Mobile Routine module","As a mobile routine user, I want Routine to open in the tabs area so habits, calendar, heatmap, and reminders can be managed natively.","Expo routine index route renders RoutineApp with in-component tab state.","retested_passed","RoutineApp.test.tsx covers default Calendar tab tab switching MMKV persistence and malformed persisted fallback; reminders tests passed","mobile-unit","failed","ERR-MOBILE-ROUTINE-EXPO-NOTIFICATIONS-WARNING-20260629;ERR-MOBILE-ROUTINE-ACT-WARNINGS-20260629;ERR-MOBILE-ROUTINE-SQLITE-READ-WARNINGS-20260629;ERR-MOBILE-ROUTINE-REANIMATED-RENDER-WARNINGS-20260629","fixed","passed","sergeant-mobile-expo","2026-06-29","Fixed by mocking Routine boot/reminder hooks and disabling strict Reanimated logger in RoutineApp.test.tsx; full Routine mobile batch passed cleanly."
"MOB-ROUTINE-002","mobile","apps/mobile/app/(tabs)/routine/habit/[id].tsx","/(tabs)/routine/habit/[id]","Mobile habit detail","As a mobile routine user, I want a habit detail route so a single habit can be reviewed or edited from deep links.","Expo dynamic habit route exists under routine/habit/[id].","tested_passed","mobileRoutes.test.tsx verifies the dynamic habit route renders the DeepLinkPlaceholder with ID and routine fallback href","mobile-unit","passed","","not_started","not_started","sergeant-mobile-expo","2026-06-29","Current behavior is placeholder-only; future full detail screen should add new story coverage"
"MOB-HUB-002","mobile","apps/mobile/app/hub-chat.tsx","/hub-chat","Mobile HubChat","As a mobile user, I want HubChat as a route-addressable surface so I can continue assistant conversations from the dashboard or deep links.","Expo /hub-chat route renders HubChat and can route to assistant capabilities.","tested_passed","apps/mobile/app/hub-chat.tsx; core/hub/HubChat.tsx","mobile-unit","passed","","not_started","not_started","sergeant-hubchat","2026-06-29","Covered by mobile core batch 2026-06-29"
"MOB-HUB-003","mobile","apps/mobile/app/hub-search.tsx","/hub-search","Mobile hub search","As a mobile user, I want hub search so I can find modules/actions and route to the right destination quickly.","Expo /hub-search route renders HubSearch and result activation pushes module/action hrefs.","tested_passed","apps/mobile/app/hub-search.tsx; core/hub/search/HubSearch.tsx","mobile-unit","passed","","not_started","not_started","sergeant-mobile-expo","2026-06-29","Covered by mobile core batch 2026-06-29"
"MOB-HUB-004","mobile","apps/mobile/app/hub-reports.tsx","/hub-reports","Mobile hub reports","As a mobile user, I want hub reports so cross-module insight cards and export flows are available natively.","Expo /hub-reports route renders HubReports with report cards.","tested_passed","mobileRoutes.test.tsx verifies HubReports route renders the reports surface and closes via back or tabs fallback","mobile-unit","passed","","not_started","not_started","sergeant-mobile-expo","2026-06-29",""
"MOB-SETTINGS-001","mobile","apps/mobile/app/settings.tsx","/settings","Mobile settings","As a mobile user, I want native settings so account, module, notifications, assistant, and experimental controls are available.","Expo /settings route renders HubSettingsPage and its section components.","tested_passed","apps/mobile/app/settings.tsx; core/settings/HubSettingsPage.tsx","mobile-unit","passed","","not_started","not_started","sergeant-mobile-expo","2026-06-29","Covered by mobile core batch 2026-06-29"
"MOB-DEEPLINK-001","mobile","apps/mobile/src/lib/deepLinks.ts","universal-links","Mobile deep links","As a mobile user opening sergeant:// or approved universal links, I want known routes to resolve and unsafe routes to be rejected.","hrefForDeepLink maps known deep links to Expo Hrefs and returns null for unknown or extra segments.","tested_passed","lib/deepLinks.ts and deepLinks tests","mobile-unit","passed","","not_started","not_started","sergeant-mobile-expo","2026-06-29","Covered by mobile core batch 2026-06-29"
"MOB-SYNC-001","mobile","apps/mobile/src/core/SyncStatusOverlay.tsx","sync-overlay","Mobile sync status","As a mobile user, I want sync status feedback so I know when local data is syncing, failed, or offline.","Sync status overlay/indicator surfaces sync engine state and has dedicated tests.","retested_passed","core/SyncStatusOverlay.tsx; SyncStatusIndicator tests","mobile-unit","failed","ERR-MOBILE-SYNC-ACT-WARNINGS-20260629","fixed","passed","sergeant-mobile-expo","2026-06-29","Fixed by no-oping Animated.loop in SyncStatusIndicator.test.tsx while preserving status role assertions; focused sync retest passed cleanly."
"MOB-PUSH-001","mobile","apps/mobile/src/features/push/PushRegistrar.tsx","push-registration","Mobile push registration","As a mobile user, I want push registration to happen through the native app so reminders and notifications can be delivered.","PushRegistrar handles native push registration and has unit coverage.","tested_passed","features/push/PushRegistrar.tsx","mobile-unit","passed","","not_started","not_started","sergeant-mobile-expo","2026-06-29","Covered by mobile core batch 2026-06-29"
"API-SYNC-001","server","apps/server/src/routes/sync.ts","/api/v2/sync/push","Cloud sync push","As an authenticated client, I want to push local op-log changes through v2 sync so device state can be persisted server-side.","POST /api/v2/sync/push requires session, syncV2 module tagging, v2 rate limit, and calls syncV2Push.","tested_passed","createSyncRouter POST /api/v2/sync/push","integration","passed","","not_started","not_started","sergeant-server-api","2026-06-29","Covered by server batch 2026-06-29"
"API-SYNC-002","server","apps/server/src/routes/sync.ts","/api/v2/sync/pull","Cloud sync pull","As an authenticated client, I want to pull server changes through v2 sync so local state can reconcile after reconnect.","GET /api/v2/sync/pull requires session, syncV2 module tagging, v2 rate limit, and calls syncV2Pull.","tested_passed","createSyncRouter GET /api/v2/sync/pull","integration","passed","","not_started","not_started","sergeant-server-api","2026-06-29","Covered by server batch 2026-06-29"
"API-SYNC-003","server","apps/server/src/routes/sync.ts","/api/v2/sync/stream","Cloud sync stream","As an authenticated client, I want a sync stream so changes can arrive without polling too aggressively.","GET /api/v2/sync/stream requires session and a stream-specific rate limit before syncV2Stream.","tested_passed","createSyncRouter GET /api/v2/sync/stream","integration","passed","","not_started","not_started","sergeant-server-api","2026-06-29","Covered by server batch 2026-06-29"
"API-SYNC-004","server","apps/server/src/routes/sync.ts","/api/sync/*","Legacy sync sunset","As a legacy client, I want old sync push/pull endpoints to return a clear 410 successor response so I stop retrying obsolete APIs.","v1 push/pull aliases are public 410 stubs with sunset/deprecation headers; /api/sync/audit remains session-protected.","tested_passed","createSyncRouter v1 respondV1Gone and audit route","integration","passed","","not_started","not_started","sergeant-server-api","2026-06-29","Covered by server batch 2026-06-29"
"API-MONO-001","server","apps/server/src/routes/mono-webhook.ts","/api/mono/connect","Monobank connect","As a verified finance user, I want to connect Monobank so Finyk can read accounts and transactions for my session.","POST /api/mono/connect requires session and verified email before connectHandler.","tested_passed","createMonoWebhookRouter POST /api/mono/connect","contract","passed","","not_started","not_started","sergeant-server-api","2026-06-29","Covered by apiV1.test.ts in combined server batch: pnpm --filter @sergeant/server test src/routes/finyk.route.test.ts src/routes/apiV1.test.ts."
"API-MONO-002","server","apps/server/src/routes/mono-webhook.ts","/api/mono/disconnect /api/mono/sync-state /api/mono/accounts /api/mono/transactions","Monobank account access","As a finance user, I want to disconnect, inspect sync state, accounts, and transactions after connecting Monobank.","Disconnect, sync-state, accounts, and transactions require session and are tagged as Finyk module routes.","tested_passed","createMonoWebhookRouter session-protected Mono read/disconnect routes","contract","passed","","not_started","not_started","sergeant-server-api","2026-06-29","Covered by cross-domain-routes.contract.test.ts in combined server batch: pnpm --filter @sergeant/server test src/routes/cross-domain-routes.contract.test.ts src/routes/finyk.route.test.ts src/routes/apiV1.test.ts."
"API-MONO-003","server","apps/server/src/routes/mono-webhook.ts","/api/mono/backfill /api/mono/backfill-progress","Monobank backfill","As a finance user, I want historical transaction backfill with progress so older bank data can populate Finyk without blocking the request.","POST backfill starts a background run and GET backfill-progress reports the per-user progress slot.","tested_passed","createMonoWebhookRouter backfill routes and modules/mono/backfill","integration","passed","","not_started","not_started","sergeant-server-api","2026-06-29","Covered by cross-domain-routes.contract.test.ts in combined server batch: pnpm --filter @sergeant/server test src/routes/cross-domain-routes.contract.test.ts src/routes/finyk.route.test.ts src/routes/apiV1.test.ts."
"API-MONO-004","server","apps/server/src/routes/mono-webhook.ts","/api/mono/webhook /api/mono/webhook/:secret","Monobank webhook delivery","As the system, I want Monobank webhook delivery to be accepted through header or path secret so transaction updates can arrive from the bank.","Webhook routes are public and use webhookHandler with secret from header or path parameter.","tested_passed","createMonoWebhookRouter webhook routes","integration","passed","","not_started","not_started","sergeant-server-api","2026-06-29","Covered by cross-domain-routes.contract.test.ts in combined server batch: pnpm --filter @sergeant/server test src/routes/cross-domain-routes.contract.test.ts src/routes/finyk.route.test.ts src/routes/apiV1.test.ts."
"API-BILLING-001","server","apps/server/src/routes/billing.ts","/api/billing/checkout","Billing checkout","As an authenticated user, I want checkout session creation so I can upgrade to a paid plan.","POST checkout requires session, parses BillingCheckoutRequestSchema, rate-limits creation, and returns BillingCheckoutResponseSchema or BILLING_UNAVAILABLE.","tested_passed","createBillingRouter POST /api/billing/checkout","contract","passed","","not_started","not_started","sergeant-server-api","2026-06-29","Covered by server batch 2026-06-29"
"API-BILLING-002","server","apps/server/src/routes/billing.ts","/api/billing/status","Billing status","As an authenticated user, I want billing status so the app can show my current subscription and entitlements.","GET billing/status requires session and returns BillingStatusResponseSchema from getSubscriptionStatus.","tested_passed","createBillingRouter GET /api/billing/status","contract","passed","","not_started","not_started","sergeant-server-api","2026-06-29","Covered by server batch 2026-06-29"
"API-BILLING-003","server","apps/server/src/routes/billing.ts","/api/billing/portal","Billing portal","As an authenticated paying user, I want a customer portal session so I can manage billing without support.","POST portal requires session, rate-limits creation, returns BillingPortalResponseSchema, and handles unavailable/no-customer cases.","tested_passed","createBillingRouter POST /api/billing/portal","contract","passed","","not_started","not_started","sergeant-server-api","2026-06-29","Covered by server batch 2026-06-29"
"API-BILLING-004","server","apps/server/src/routes/billing.ts","/api/billing/stripe-webhook","Stripe webhook","As the billing system, I want Stripe webhook events verified by signature before subscription state is updated.","POST stripe-webhook validates raw Stripe signature, rejects bad events, then calls processStripeWebhook.","tested_passed","createBillingRouter POST /api/billing/stripe-webhook","integration","passed","","not_started","not_started","sergeant-server-api","2026-06-29","Covered by server batch 2026-06-29"
"API-PUSH-001","server","apps/server/src/routes/push.ts","/api/push/vapid-public","VAPID public key","As a web client, I want the VAPID public key without rate-limit friction so service-worker push setup can start quickly.","GET /api/push/vapid-public is intentionally outside the push rate limiter and calls vapidPublic.","tested_passed","createPushRouter GET /api/push/vapid-public","integration","passed","","not_started","not_started","sergeant-server-api","2026-06-29","Covered by server batch 2026-06-29"
"API-PUSH-002","server","apps/server/src/routes/push.ts","/api/push/subscribe /api/push/register","Push subscription and device registration","As a web or mobile user, I want push subscription/register endpoints so notifications can be delivered to my browser or device.","Subscribe uses soft session handling; register requires strict session and supports /api/v1 through apiVersionRewrite.","tested_passed","createPushRouter subscribe and register routes","contract","passed","","not_started","not_started","sergeant-server-api","2026-06-29","Covered by server batch 2026-06-29"
"API-PUSH-003","server","apps/server/src/routes/push.ts","/api/push/unsubscribe /api/push/unregister","Push unsubscribe and unregister","As a user, I want to remove browser or native push targets so old endpoints stop receiving notifications.","Unsubscribe uses soft session; unregister requires session and accepts web endpoint or native token payloads.","tested_passed","createPushRouter unsubscribe and unregister routes","contract","passed","","not_started","not_started","sergeant-server-api","2026-06-29","Covered by server batch 2026-06-29"
"API-PUSH-004","server","apps/server/src/routes/push.ts","/api/push/send /api/push/test","Push delivery and test send","As an operator or user, I want internal push fan-out and a user-scoped test send so notification delivery can be verified safely.","Send requires internal IP and API secret; test requires session and a per-user 1 per 5s rate limit.","tested_passed","createPushRouter send and test routes","integration","passed","","not_started","not_started","sergeant-server-api","2026-06-29","Covered by server batch 2026-06-29"
"API-STATUS-001","server","apps/server/src/routes/status.ts","/api/status","Public status API","As a visitor or status page, I want public status JSON so the frontend can show component health without auth.","GET /api/status uses createStatusHandler(pool).","tested_passed","createStatusRouter GET /api/status","integration","passed","","not_started","not_started","sergeant-server-api","2026-06-29","Covered by server batch 2026-06-29"
"API-WAITLIST-001","server","apps/server/src/routes/waitlist.ts","/api/v1/waitlist /api/waitlist","Pricing waitlist signup","As a pricing visitor, I want to join the waitlist through either current or legacy API path so signups are not lost.","Waitlist POST routes share the same handler and rate limit at 10 per hour.","tested_passed","createWaitlistRouter waitlist aliases","contract","passed","","not_started","not_started","sergeant-server-api","2026-06-29","Covered by cross-domain-routes.contract.test.ts in combined server batch: pnpm --filter @sergeant/server test src/routes/cross-domain-routes.contract.test.ts src/routes/finyk.route.test.ts src/routes/apiV1.test.ts."
"API-VOICE-001","server","apps/server/src/routes/transcribe.ts","/api/transcribe","Voice transcription","As a user recording voice input, I want audio transcription through the server so voice can become text in app workflows.","POST /api/transcribe is registered as the transcribe route and handled by the transcribe module.","tested_passed","createTranscribeRouter POST /api/transcribe","integration","passed","","not_started","not_started","sergeant-server-api","2026-06-29","Covered by cross-domain-routes.contract.test.ts in combined server batch: pnpm --filter @sergeant/server test src/routes/cross-domain-routes.contract.test.ts src/routes/finyk.route.test.ts src/routes/apiV1.test.ts."
"API-LOOKUP-001","server","apps/server/src/routes/barcode.ts","/api/barcode","Barcode lookup","As a nutrition user, I want barcode lookup so scanned products can resolve to usable food data.","GET /api/barcode calls the barcode handler with route-level cache/rate-limit behavior.","tested_passed","createBarcodeRouter GET /api/barcode","integration","passed","","not_started","not_started","sergeant-server-api","2026-06-29","Covered by server batch 2026-06-29"
"API-LOOKUP-002","server","apps/server/src/routes/food-search.ts","/api/food-search","Food search","As a nutrition user, I want food search so typed food names can resolve to nutrition database items.","GET /api/food-search calls the food search handler with cache-aware upstream lookup.","tested_passed","createFoodSearchRouter GET /api/food-search","integration","passed","","not_started","not_started","sergeant-server-api","2026-06-29","Covered by cross-domain-routes.contract.test.ts in combined server batch: pnpm --filter @sergeant/server test src/routes/cross-domain-routes.contract.test.ts src/routes/finyk.route.test.ts src/routes/apiV1.test.ts."
"API-COACH-001","server","apps/server/src/routes/coach.ts","/api/coach/memory /api/coach/insight","Coach memory and insight","As a user, I want coach memory and generated insight endpoints so coaching can remember context and produce advice under AI quota guards.","GET/POST memory require session; POST insight requires session, Anthropic key, and AI quota.","retested_passed","createCoachRouter memory and insight routes","integration","failed","ERR-SERVER-COACH-ROUTE-TIMEOUT-20260629","fixed","passed","sergeant-server-api","2026-06-29","Fixed route-test harness timeout and retested 9 passed"
"API-MEMORY-001","server","apps/server/src/routes/ai-memory.ts","/api/ai-memory/ingest /api/ai-memory/recall /api/ai-memory/event-sync","AI memory service","As a pro user, I want AI memory ingest/recall/event sync so assistant context can persist across sessions within plan limits.","AI memory routes require session and pro plan before calling ingest, recall, or event-sync handlers.","tested_passed","createAiMemoryRouter public AI memory routes","integration","passed","","not_started","not_started","sergeant-server-api","2026-06-29","Covered by server batch 2026-06-29"
"API-OBS-001","server","apps/server/src/routes/web-vitals.ts","/api/metrics/web-vitals","Web vitals ingest","As the app, I want web vitals metrics accepted by the server so frontend performance can be observed.","POST /api/metrics/web-vitals is registered through createWebVitalsRouter.","tested_passed","createWebVitalsRouter POST /api/metrics/web-vitals","integration","passed","","not_started","not_started","sergeant-server-api","2026-06-29","Covered by apiV1.test.ts in combined server batch: pnpm --filter @sergeant/server test src/routes/finyk.route.test.ts src/routes/apiV1.test.ts."
"API-OBS-002","server","apps/server/src/routes/csp-report.ts","/api/csp-report","CSP violation reporting","As the app, I want CSP reports accepted so browser security violations can be observed and triaged.","POST /api/csp-report is registered through createCspReportRouter.","tested_passed","createCspReportRouter POST /api/csp-report","integration","passed","","not_started","not_started","sergeant-server-api","2026-06-29","Covered by server batch 2026-06-29"
"API-EMAIL-001","server","apps/server/src/routes/email-unsubscribe.ts","/api/email/unsubscribe","Email unsubscribe","As an email recipient, I want unsubscribe links to work without app sign-in so I can opt out from drip mail.","GET /api/email/unsubscribe is registered with pool-backed unsubscribe handling.","tested_passed","createEmailUnsubscribeRouter GET /api/email/unsubscribe","integration","passed","","not_started","not_started","sergeant-server-api","2026-06-29","Covered by server batch 2026-06-29"
"API-DIGEST-001","server","apps/server/src/routes/weekly-digest.ts","/api/weekly-digest","Weekly digest generation","As a user, I want weekly digest generation so the app can summarize my week across modules.","POST /api/weekly-digest is registered through createWeeklyDigestRouter.","retested_passed","createWeeklyDigestRouter POST /api/weekly-digest","integration","failed","ERR-SERVER-DIGEST-ROUTE-TIMEOUT-20260629","fixed","passed","sergeant-server-api","2026-06-29","Fixed route-test harness timeout and retested in server batch"
"WEB-FINYK-009","web","apps/web/src/modules/finyk/FinykApp.tsx","finyk:cross-module-meal-prompt","Finance to nutrition meal prompt","As a finance user logging cafe or food spend, I want a prompt to add the related meal so expense logging can flow into nutrition tracking.","After saving a manual expense with cafe or food category, Finyk shows a cross-module prompt that opens Nutrition add meal.","tested_passed","FinykApp handlePostSavePrompt and openHubModuleWithAction nutrition add_meal","playwright","passed","","not_started","not_started","sergeant-web-ui","2026-06-29","Covered by Playwright ledger browser smoke: pnpm --filter @sergeant/web exec playwright test --config playwright.ledger.config.ts --project chromium (49/49 passed); API mocked in browser, production preview build."
"WEB-FINYK-010","web","apps/web/src/modules/finyk/FinykApp.tsx","finyk:pwa-add-expense","Finyk PWA add expense action","As a PWA user, I want the add_expense shortcut to open the transactions page and expense sheet with preset prefill.","When pwaAction is add_expense, Finyk consumes preset prefill, navigates to transactions, opens ManualExpenseSheet, then marks the PWA action consumed.","tested_passed","FinykApp pwaAction effect","playwright","passed","","not_started","not_started","sergeant-web-ui","2026-06-29","Covered by Playwright ledger browser smoke: pnpm --filter @sergeant/web exec playwright test --config playwright.ledger.config.ts --project chromium (49/49 passed); API mocked in browser, production preview build."
"WEB-FINYK-011","web","apps/web/src/modules/finyk/FinykApp.tsx","finyk:sync-import","Finyk sync import from URL","As a finance user following a sync link, I want Finyk to load settings from URL sync data and show success or failure feedback.","On mount, Finyk detects sync= in location.search, calls storage.loadFromUrl, and shows success or error toast.","tested_passed","FinykApp mount-only URL sync effect","playwright","passed","","not_started","not_started","sergeant-web-ui","2026-06-29","Covered by Playwright ledger browser smoke: pnpm --filter @sergeant/web exec playwright test --config playwright.ledger.config.ts --project chromium (49/49 passed); API mocked in browser, production preview build."
"MOB-FINYK-006","mobile","apps/mobile/src/modules/finyk/components/ManualExpenseSheet.tsx","finyk-mobile:manual-expense-sheet","Mobile manual expense sheet","As a mobile finance user, I want a native manual expense sheet so I can add or edit expenses without relying on bank imports.","ManualExpenseSheet is the native Finyk sheet for manual expense entry and has focused tests.","tested_passed","apps/mobile/src/modules/finyk/components/ManualExpenseSheet.tsx","mobile-unit","passed","","not_started","not_started","sergeant-mobile-expo","2026-06-29","Covered by Finyk mobile batch 2026-06-29"
"MOB-FINYK-007","mobile","apps/mobile/src/modules/finyk/components/CategoryPickerSheet.tsx","finyk-mobile:category-picker","Mobile transaction category picker","As a mobile finance user, I want a category picker sheet so I can classify transactions and expenses quickly.","CategoryPickerSheet provides the native category selection flow used by Finyk transaction/expense surfaces.","retested_passed","apps/mobile/src/modules/finyk/components/CategoryPickerSheet.tsx","mobile-unit","failed","ERR-MOBILE-FINYK-MONOMIRROR-WRITE-WARNINGS-20260629","fixed","passed","sergeant-mobile-expo","2026-06-29","Fixed by disabling mono mirror gate in TransactionsPage.test.tsx for UI-only category picker assertions; full Finyk mobile batch passed cleanly."
"MOB-FINYK-008","mobile","apps/mobile/src/modules/finyk/components/budgets/AddBudgetSheet.tsx","finyk-mobile:add-budget","Mobile add budget sheet","As a mobile finance user, I want an add-budget sheet so new limits, goals, or subscriptions can be created from budgeting.","AddBudgetSheet is part of the mobile budgets flow and opens budget creation UX.","retested_passed","apps/mobile/src/modules/finyk/components/budgets/AddBudgetSheet.tsx","mobile-unit","failed","ERR-MOBILE-FINYK-MONOMIRROR-WRITE-WARNINGS-20260629","fixed","passed","sergeant-mobile-expo","2026-06-29","Fixed by disabling mono mirror gate in BudgetsPage.test.tsx for UI-only add-budget assertions; full Finyk mobile batch passed cleanly."
"MOB-FINYK-009","mobile","apps/mobile/src/modules/finyk/components/budgets/LimitEditSheet.tsx","finyk-mobile:limit-budget-edit","Mobile limit budget edit","As a mobile finance user, I want to edit spending limits so category caps can be adjusted from the app.","LimitEditSheet owns limit budget editing behavior.","tested_passed","EditSheets.test.tsx covers limit amount submit close and delete callbacks","mobile-unit","passed","","not_started","not_started","sergeant-mobile-expo","2026-06-29",""
"MOB-FINYK-010","mobile","apps/mobile/src/modules/finyk/components/budgets/GoalEditSheet.tsx","finyk-mobile:goal-budget-edit","Mobile goal budget edit","As a mobile finance user, I want to edit savings goals so financial targets stay current.","GoalEditSheet owns goal budget editing behavior.","tested_passed","EditSheets.test.tsx covers goal target/saved submit close and delete callbacks","mobile-unit","passed","","not_started","not_started","sergeant-mobile-expo","2026-06-29",""
"MOB-FINYK-011","mobile","apps/mobile/src/modules/finyk/components/budgets/SubscriptionEditSheet.tsx","finyk-mobile:subscription-edit","Mobile subscription edit","As a mobile finance user, I want to edit subscriptions so recurring spend is tracked accurately.","SubscriptionEditSheet owns subscription editing behavior.","tested_passed","EditSheets.test.tsx covers subscription name/day submit close and delete callbacks","mobile-unit","passed","","not_started","not_started","sergeant-mobile-expo","2026-06-29",""
"MOB-FINYK-012","mobile","apps/mobile/src/modules/finyk/components/assets/ManualAssetSheet.tsx","finyk-mobile:manual-asset","Mobile manual asset sheet","As a mobile finance user, I want to add or edit assets so net worth can include manual holdings.","ManualAssetSheet owns manual asset creation/editing.","tested_passed","apps/mobile/src/modules/finyk/components/assets/ManualAssetSheet.tsx","mobile-unit","passed","","not_started","not_started","sergeant-mobile-expo","2026-06-29","Covered by AssetsPage sheet open and edit tests"
"MOB-FINYK-013","mobile","apps/mobile/src/modules/finyk/components/assets/DebtSheet.tsx","finyk-mobile:debt-sheet","Mobile debt sheet","As a mobile finance user, I want to track debts so liabilities are visible alongside assets.","DebtSheet owns native debt entry/edit behavior.","tested_passed","apps/mobile/src/modules/finyk/components/assets/DebtSheet.tsx","mobile-unit","passed","","not_started","not_started","sergeant-mobile-expo","2026-06-29","Covered by AssetsPage debt sheet tests"
"MOB-FINYK-014","mobile","apps/mobile/src/modules/finyk/components/assets/ReceivableSheet.tsx","finyk-mobile:receivable-sheet","Mobile receivable sheet","As a mobile finance user, I want to track receivables so money owed to me is included in assets.","ReceivableSheet owns native receivable entry/edit behavior.","tested_passed","apps/mobile/src/modules/finyk/components/assets/ReceivableSheet.tsx","mobile-unit","passed","","not_started","not_started","sergeant-mobile-expo","2026-06-29","Covered by AssetsPage receivable sheet tests"
"WEB-NUTRITION-007","web","apps/web/src/modules/nutrition/NutritionApp.tsx","nutrition:photo-analysis","Nutrition photo analysis","As a nutrition user, I want photo-first meal analysis so a food image can populate a meal form.","NutritionApp wires PhotoAnalyzeCard actions, photo result handoff, save-to-log, and deterministic file picker follow-ups.","tested_passed","NutritionApp photo state, handleSaveToLog, pending open-photo-picker action","playwright","passed","","not_started","not_started","sergeant-web-ui","2026-06-29","Covered by Playwright ledger browser smoke: pnpm --filter @sergeant/web exec playwright test --config playwright.ledger.config.ts --project chromium (49/49 passed); API mocked in browser, production preview build."
"WEB-NUTRITION-008","web","apps/web/src/modules/nutrition/NutritionApp.tsx","nutrition:quick-chip-relog","Nutrition quick-chip relog","As a nutrition user, I want one-tap quick chips so repeated meals can be logged quickly with undo support.","handleQuickAddMealFromChip creates a Kyiv-time meal from chip macros, adds it to log, and offers undo.","tested_passed","NutritionApp handleQuickAddMealFromChip","playwright","passed","","not_started","not_started","sergeant-web-ui","2026-06-29","Covered by Playwright ledger browser smoke: pnpm --filter @sergeant/web exec playwright test --config playwright.ledger.config.ts --project chromium (49/49 passed); API mocked in browser, production preview build."
"WEB-NUTRITION-009","web","apps/web/src/modules/nutrition/NutritionApp.tsx","nutrition:pull-refresh","Nutrition pull to refresh","As a nutrition user, I want pull-to-refresh so cloud and query-backed nutrition data can be refreshed together.","PullToRefresh invalidates nutrition query keys and requests cloud pull; failures show retry toast.","tested_passed","NutritionApp PullToRefresh handlePullRefresh and handlePullRefreshError","playwright","passed","","not_started","not_started","sergeant-web-ui","2026-06-29","Covered by Playwright ledger browser smoke: pnpm --filter @sergeant/web exec playwright test --config playwright.ledger.config.ts --project chromium (49/49 passed); API mocked in browser, production preview build."
"MOB-NUTRITION-007","mobile","apps/mobile/src/modules/nutrition/components/AddMealSheet.tsx","nutrition-mobile:add-meal-sheet","Mobile add meal sheet","As a mobile nutrition user, I want a native add-meal sheet so meals can be added or edited with macros and source metadata.","AddMealSheet owns native meal form behavior and photo-related tests.","tested_passed","AddMealSheet.photo.test.tsx covers photo error handling and valid 200 fill step; photo mapping tests passed","mobile-unit","passed","","not_started","not_started","sergeant-mobile-expo","2026-06-29",""
"MOB-NUTRITION-008","mobile","apps/mobile/src/modules/nutrition/components/DailyPlanCard.tsx","nutrition-mobile:daily-plan-card","Mobile daily plan card","As a mobile nutrition user, I want a daily plan card so generated plans can be reviewed and added to the log.","DailyPlanCard renders plan meals, macros, warnings, and has component tests.","retested_passed","DailyPlanCard.test.tsx covers goals warnings progress meal rows and reset behavior","mobile-unit","failed","ERR-MOBILE-NUTRITION-REANIMATED-RENDER-WARNINGS-20260629","fixed","passed","sergeant-mobile-expo","2026-06-29","Fixed by disabling strict Reanimated logger in NutritionApp.test.tsx; full Nutrition mobile batch passed cleanly."
"MOB-NUTRITION-009","mobile","apps/mobile/src/modules/nutrition/pages/RecipeRecommender.tsx","nutrition-mobile:recipe-recommender","Mobile recipe recommender","As a mobile nutrition user, I want recipe recommendations so pantry items and preferences can become meal ideas.","RecipeRecommender owns recommendation UI and has focused tests.","retested_passed","RecipeRecommender.test.tsx covers recommendRecipes request rendering save add-to-log and 429 quota error","mobile-unit","failed","ERR-MOBILE-NUTRITION-REANIMATED-RENDER-WARNINGS-20260629","fixed","passed","sergeant-mobile-expo","2026-06-29","Fixed by disabling strict Reanimated logger in NutritionApp.test.tsx; full Nutrition mobile batch passed cleanly."
"MOB-NUTRITION-010","mobile","apps/mobile/src/modules/nutrition/pages/SavedRecipesList.tsx","nutrition-mobile:saved-recipes","Mobile saved recipes","As a mobile nutrition user, I want saved recipes so I can revisit and reuse meals I liked.","SavedRecipesList routes to recipe detail/form and owns saved recipe list behavior.","retested_passed","recipeBookStore.test.ts covers saved recipe load get upsert remove and import behavior","mobile-unit","failed","ERR-MOBILE-NUTRITION-DUALWRITE-WARNINGS-20260629","fixed","passed","sergeant-mobile-expo","2026-06-29","Fixed by isolating NutritionApp dual-write boot side effects; full Nutrition mobile batch passed cleanly."
"MOB-NUTRITION-011","mobile","apps/mobile/src/modules/nutrition/components/NutritionBarcodeScanScreen.tsx","nutrition-mobile:barcode-scan-screen","Mobile barcode scan screen","As a mobile nutrition user, I want barcode scan results to apply to pantry or add-meal flow with clear fallback actions.","NutritionBarcodeScanScreen handles lookup, add-meal mode, back navigation, and return-to-nutrition actions.","tested_passed","NutritionBarcodeScanScreen.test.tsx covers denied camera settings recovery successful product preview navigation and add-meal prefill/back behavior","mobile-unit","passed","","not_started","not_started","sergeant-mobile-expo","2026-06-29",""
"WEB-FIZRUK-007","web","apps/web/src/modules/fizruk/FizrukApp.tsx","fizruk:rest-timer-overlay","Fizruk rest timer overlay","As a fitness user, I want rest timer overlay to persist across Fizruk pages so workout rest timing is not lost while navigating.","RestTimerOverlayConnected renders above FizrukRouter inside RestTimerProvider so it survives page changes.","tested_passed","FizrukApp RestTimerProvider and RestTimerOverlayConnected","playwright","passed","","not_started","not_started","sergeant-web-ui","2026-06-29","Covered by Playwright ledger browser smoke: pnpm --filter @sergeant/web exec playwright test --config playwright.ledger.config.ts --project chromium (49/49 passed); API mocked in browser, production preview build."
"MOB-FIZRUK-005","mobile","apps/mobile/src/modules/fizruk/components/workouts/WorkoutActivePanel.tsx","fizruk-mobile:active-workout-panel","Mobile active workout panel","As a mobile fitness user, I want an active workout panel so current sets and workout state are visible during a session.","WorkoutActivePanel owns native active workout display and works with ActiveSetEditor/ActiveItemCard.","tested_passed","Workouts.test.tsx covers active workout state exercise add and set append through the active workout surface","mobile-unit","passed","","not_started","not_started","sergeant-mobile-expo","2026-06-29",""
"MOB-FIZRUK-006","mobile","apps/mobile/src/modules/fizruk/components/workouts/ActiveSetEditor.tsx","fizruk-mobile:active-set-editor","Mobile active set editor","As a mobile fitness user, I want to edit active sets so workout logging can capture reps, load, and progress accurately.","ActiveSetEditor owns native active-set editing behavior.","tested_passed","Workouts.test.tsx covers appending a set via the active-set editor","mobile-unit","passed","","not_started","not_started","sergeant-mobile-expo","2026-06-29",""
"MOB-FIZRUK-007","mobile","apps/mobile/src/modules/fizruk/components/templates/WorkoutTemplatesSheet.tsx","fizruk-mobile:workout-templates","Mobile workout templates","As a mobile fitness user, I want workout templates so repeat sessions can be started without rebuilding exercises each time.","WorkoutTemplatesSheet, WorkoutTemplateRow, and WorkoutTemplateEditor own template browsing/edit flows.","tested_passed","WorkoutTemplatesSheet.test.tsx covers empty state existing rows create edit delete start and closed-sheet behavior","mobile-unit","passed","","not_started","not_started","sergeant-mobile-expo","2026-06-29",""
"MOB-FIZRUK-008","mobile","apps/mobile/src/modules/fizruk/components/measurements/MeasurementEntryForm.tsx","fizruk-mobile:measurement-entry","Mobile measurement entry","As a mobile fitness user, I want to add body measurements so progress charts reflect current body data.","MeasurementEntryForm and MeasurementEntryList own measurement entry/edit display.","tested_passed","Measurements.test.tsx covers FAB form open create edit prepopulation remove and list ordering","mobile-unit","passed","","not_started","not_started","sergeant-mobile-expo","2026-06-29",""
"MOB-FIZRUK-009","mobile","apps/mobile/src/modules/fizruk/components/exercise/ExerciseLoadCalculator.tsx","fizruk-mobile:exercise-load-calculator","Mobile exercise load calculator","As a mobile fitness user, I want exercise load calculation so I can choose weights from exercise detail context.","ExerciseLoadCalculator is part of the Exercise detail component cluster.","tested_passed","Exercise.test.tsx covers PR banner summary values load calculator and start-workout CTA","mobile-unit","passed","","not_started","not_started","sergeant-mobile-expo","2026-06-29",""
"WEB-ROUTINE-005","web","apps/web/src/modules/routine/RoutineTimeline.tsx","routine:timeline-completion","Routine timeline completion","As a routine user, I want the timeline to show calendar data and habit actions so I can complete habits and review the day.","RoutineTimeline receives calendarData, calendarActions, pending state, main tab, routine state, and pull refresh callbacks.","tested_passed","RoutineApp -> RoutineTimeline props","playwright","passed","","not_started","not_started","sergeant-web-ui","2026-06-29","Covered by Playwright ledger browser smoke: pnpm --filter @sergeant/web exec playwright test --config playwright.ledger.config.ts --project chromium (49/49 passed); API mocked in browser, production preview build."
"MOB-ROUTINE-003","mobile","apps/mobile/src/modules/routine/pages/Habits/HabitForm.tsx","routine-mobile:habit-form","Mobile habit form","As a mobile routine user, I want a habit form so I can create or edit habit details and schedule rules.","HabitForm owns native habit form behavior and has tests.","tested_passed","HabitForm.test.tsx and HabitsPage.test.tsx cover validation create edit field population and active list rendering","mobile-unit","passed","","not_started","not_started","sergeant-mobile-expo","2026-06-29",""
"MOB-ROUTINE-004","mobile","apps/mobile/src/modules/routine/pages/Habits/DraggableHabitList.tsx","routine-mobile:habit-reorder","Mobile habit reorder","As a mobile routine user, I want to reorder habits so the list matches my priorities.","DraggableHabitList owns drag/reorder behavior and has tests.","tested_passed","DraggableHabitList.test.tsx covers helper math accessibility fallback buttons downward and upward drag reorder","mobile-unit","passed","","not_started","not_started","sergeant-mobile-expo","2026-06-29",""
"MOB-ROUTINE-005","mobile","apps/mobile/src/modules/routine/pages/Calendar/index.tsx","routine-mobile:calendar-page","Mobile routine calendar","As a mobile routine user, I want a calendar page so I can inspect daily and monthly habit completion.","Calendar index route owns month/week/day rendering with aggregates and tests.","retested_passed","Calendar.test.tsx and useCalendarAggregates.test.ts cover empty state segmented control seeded daily habit completion toggle and aggregates","mobile-unit","failed","ERR-MOBILE-ROUTINE-CALENDAR-RENDER-PHASE-UPDATE-20260629","fixed","passed","sergeant-mobile-expo","2026-06-29","Fixed by deferring routine sqlite cache notifications outside saveRoutineState render-phase updates and no-oping sqliteReadGate fanout in Calendar/Habits UI tests; full Routine mobile batch passed cleanly."
"MOB-ROUTINE-006","mobile","apps/mobile/src/modules/routine/pages/Heatmap/HeatmapPage.tsx","routine-mobile:heatmap","Mobile routine heatmap","As a mobile routine user, I want a heatmap so long-term habit consistency is visible at a glance.","HeatmapPage owns native routine heatmap display and has tests.","tested_passed","HeatmapPage.test.tsx and HabitHeatmap.test.tsx cover empty states grid intensity buckets details selection and close behavior","mobile-unit","passed","","not_started","not_started","sergeant-mobile-expo","2026-06-29",""
"MOB-HUB-005","mobile","apps/mobile/src/core/dashboard/DraggableDashboard.tsx","hub-mobile:dashboard-reorder","Mobile dashboard reorder","As a mobile user, I want to reorder dashboard modules so the hub matches my priorities.","DraggableDashboard owns drag/drop dashboard ordering behavior.","retested_passed","DraggableDashboard.test.tsx covers computeDropIndex row ordering arithmetic and module row open behavior","mobile-unit","failed","ERR-MOBILE-DASHBOARD-REORDER-ACT-WARNINGS-20260629","fixed","passed","sergeant-mobile-expo","2026-06-29","Fixed by seeding dashboard_drag_coach_seen in DraggableDashboard.test.tsx; focused Jest retest passed without Animated act warning."
"MOB-HUB-006","mobile","apps/mobile/src/core/dashboard/FirstActionHeroCard.tsx","hub-mobile:first-action-hero","Mobile first action hero","As a new mobile user, I want a first-action hero so the app guides me toward a useful initial task.","FirstActionHeroCard owns preset/fallback CTA behavior that routes into module add flows.","retested_passed","FirstActionHeroCard.test.tsx covers primary resolution preset sheet dismiss analytics and goal-aware tie-break behavior","mobile-unit","failed","ERR-MOBILE-HUB-FIRST-ACTION-ANALYTICS-LOG-20260629","fixed","passed","sergeant-mobile-expo","2026-06-29","Fixed by mocking PresetStep analytics in FirstActionHeroCard.test.tsx; focused Jest retest passed without analytics console output."
"MOB-HUB-007","mobile","apps/mobile/src/core/hub/HubChatHistoryDrawer.tsx","hub-mobile:chat-history","Mobile chat history drawer","As a mobile chat user, I want chat history access so I can switch or resume prior assistant sessions.","HubChatHistoryDrawer owns history display for HubChat sessions.","tested_passed","HubChatHistoryDrawer.test.tsx covers empty state sorted session rows create select and delete actions","mobile-unit","passed","","not_started","not_started","sergeant-hubchat","2026-06-29",""
"MOB-HUB-008","mobile","apps/mobile/src/core/hub/search/InlineAiRail.tsx","hub-mobile:inline-ai-rail","Mobile inline AI rail","As a mobile search user, I want inline AI suggestions so search can hand off ambiguous intent without a full route change.","InlineAiRail provides the inline AI handoff surface used by hub search.","tested_passed","InlineAiRail.test.tsx covers idle success open-in-chat loading cancel and error retry states","mobile-unit","passed","","not_started","not_started","sergeant-mobile-expo","2026-06-29",""
"MOB-SETTINGS-002","mobile","apps/mobile/src/core/settings/NotificationsSection.tsx","settings-mobile:notifications","Mobile notification settings","As a mobile user, I want notification settings so reminder and push preferences can be managed natively.","NotificationsSection owns native notification preference controls.","tested_passed","NotificationsSection.test.tsx covers collapsed and expanded states permissions open-settings shortcut and routine/nutrition persistence","mobile-unit","passed","","not_started","not_started","sergeant-mobile-expo","2026-06-29",""
"MOB-SETTINGS-003","mobile","apps/mobile/src/core/settings/AIDigestSection.tsx","settings-mobile:ai-digest","Mobile AI digest settings","As a mobile user, I want AI digest settings so automated digest behavior can be configured.","AIDigestSection owns native AI digest controls.","tested_passed","AIDigestSection.test.tsx covers collapsed and expanded states monday-auto persistence and week-range formatting","mobile-unit","passed","","not_started","not_started","sergeant-mobile-expo","2026-06-29",""
"MOB-SETTINGS-004","mobile","apps/mobile/src/core/settings/AccountSection.tsx","settings-mobile:account","Mobile account settings","As a mobile user, I want account settings so sign-in/account lifecycle actions are available from settings.","AccountSection owns native account controls.","tested_passed","AccountSection.test.tsx covers sign-out cache clear and dev push-test action","mobile-unit","passed","","not_started","not_started","better-auth-best-practices","2026-06-29",""
"WEB-CHAT-002","web","apps/web/tests/smoke/hub-chat-live-smoke.spec.ts","/chat -> /api/chat","Live HubChat roundtrip","As a user, I want to send a message from /chat and receive a real assistant reply so the assistant is usable end-to-end.","Authenticated /chat accepts a typed prompt, POSTs to /api/chat, receives HTTP 200 from the real server and Anthropic path, records provider usage, and renders a new assistant reply.","retested_passed","Live Playwright smoke with Docker Postgres, server dev, web preview, and configured Anthropic key","playwright","failed","ERR-WEB-CHAT-LIVE-LEDGER-BUCKET-20260629","fixed","passed","sergeant-hubchat","2026-06-29","First live run exposed ai_usage_daily_bucket_format rejecting anthropic:claude-haiku-4-5-20251001 after migration 077; fixed by migration 078 and final @live-chat retest passed 2/2 with ai_usage_daily request_count=2."
